VS2,VSe2,VTe2,MoS2,MoSe2,MoTe2,TiS2,TiSe2,TiTe2,WS2,WSe2,WTe2,ScS2,ScSe2,ScTe2,NiS2,NiSe2,NiTe2,V,Mo,Ti,W,Sc,Ni,S2,Se2,Te2,AvgFormE,AvgMass,AvgRadius,AvgElecNeg,WeightDif,Formation E
0,0,0,0,9,0,0,0,0,1,0,0,0,0,0,0,0,0,0,9,0,1,0,0,2,18,0,-0.7035,84.43293334,123.6667,2.4286,679.0226667,-4.380382
0,0,0,0,8,0,0,0,0,2,0,0,0,0,0,0,0,0,0,8,0,2,0,0,4,16,0,-0.737,84.2352,122.3334,2.4372,511.7386667,-3.83766405
0,0,0,0,7,0,0,0,0,3,0,0,0,0,0,0,0,0,0,7,0,3,0,0,6,14,0,-0.7705,84.03746667,121.0001,2.4458,344.4546667,-3.31036097
0,0,0,0,6,0,0,0,0,4,0,0,0,0,0,0,0,0,0,6,0,4,0,0,8,12,0,-0.804,83.83973333,119.6668,2.4544,177.1706667,-2.79529816
0,0,0,0,5,0,0,0,0,5,0,0,0,0,0,0,0,0,0,5,0,5,0,0,10,10,0,-0.8375,83.642,118.3335,2.463,9.8866667,-2.29241823
0,0,0,0,4,0,0,0,0,6,0,0,0,0,0,0,0,0,0,4,0,6,0,0,12,8,0,-0.871,83.44426667,117.0002,2.4716,157.3973333,-1.80126288
0,0,0,0,3,0,0,0,0,7,0,0,0,0,0,0,0,0,0,3,0,7,0,0,14,6,0,-0.9045,83.24653333,115.6669,2.4802,324.6813333,-1.32183192
0,0,0,0,2,0,0,0,0,8,0,0,0,0,0,0,0,0,0,2,0,8,0,0,16,4,0,-0.938,83.0488,114.3336,2.4888,491.9653333,-0.8535521
0,0,0,0,1,0,0,0,0,9,0,0,0,0,0,0,0,0,0,1,0,9,0,0,18,2,0,-0.9715,82.85106666,113.0003,2.4974,659.2493333,-0.40050238
1,0,0,0,0,0,0,0,0,0,0,0,0,0,0,9,0,0,1,0,0,0,0,9,20,0,0,-0.4952,40.6793,111.667,2.3464,330.085,0.83109157
2,0,0,0,0,0,0,0,0,0,0,0,0,0,0,8,0,0,2,0,0,0,0,8,20,0,0,-0.5534,40.42093334,111.667,2.3368,250.7933334,0.74160495
3,0,0,0,0,0,0,0,0,0,0,0,0,0,0,7,0,0,3,0,0,0,0,7,20,0,0,-0.6116,40.16256667,111.667,2.3272,171.5016667,0.71952633
4,0,0,0,0,0,0,0,0,0,0,0,0,0,0,6,0,0,4,0,0,0,0,6,20,0,0,-0.6698,39.9042,111.667,2.3176,92.21000002,0.60315928
5,0,0,0,0,0,0,0,0,0,0,0,0,0,0,5,0,0,5,0,0,0,0,5,20,0,0,-0.728,39.64583334,111.667,2.308,12.91833335,0.49483881
6,0,0,0,0,0,0,0,0,0,0,0,0,0,0,4,0,0,6,0,0,0,0,4,20,0,0,-0.7862,39.38746667,111.667,2.2984,66.37333332,0.30477502
7,0,0,0,0,0,0,0,0,0,0,0,0,0,0,3,0,0,7,0,0,0,0,3,20,0,0,-0.8444,39.1291,111.667,2.2888,145.665,0.1144773
8,0,0,0,0,0,0,0,0,0,0,0,0,0,0,2,0,0,8,0,0,0,0,2,20,0,0,-0.9026,38.87073333,111.667,2.2792,224.9566667,-0.11315883
9,0,0,0,0,0,0,0,0,0,0,0,0,0,0,1,0,0,9,0,0,0,0,1,20,0,0,-0.9608,38.61236667,111.667,2.2696,304.2483333,0.28619125
1,0,0,9,0,0,0,0,0,0,0,0,0,0,0,0,0,0,1,9,0,0,0,0,20,0,0,-1.0487,51.8564,114.6667,2.422,441.856,0.15046433
2,0,0,8,0,0,0,0,0,0,0,0,0,0,0,0,0,0,2,8,0,0,0,0,20,0,0,-1.0454,50.35613334,114.3334,2.404,350.1453334,0.11985831
3,0,0,7,0,0,0,0,0,0,0,0,0,0,0,0,0,0,3,7,0,0,0,0,20,0,0,-1.0421,48.85586667,114.0001,2.386,258.4346667,0.11512633
4,0,0,6,0,0,0,0,0,0,0,0,0,0,0,0,0,0,4,6,0,0,0,0,20,0,0,-1.0388,47.3556,113.6668,2.368,166.724,0.11220095
5,0,0,5,0,0,0,0,0,0,0,0,0,0,0,0,0,0,5,5,0,0,0,0,20,0,0,-1.0355,45.85533334,113.3335,2.35,75.01333335,0.11162669
6,0,0,4,0,0,0,0,0,0,0,0,0,0,0,0,0,0,6,4,0,0,0,0,20,0,0,-1.0322,44.35506667,113.0002,2.332,16.69733332,0.11174888
7,0,0,3,0,0,0,0,0,0,0,0,0,0,0,0,0,0,7,3,0,0,0,0,20,0,0,-1.0289,42.8548,112.6669,2.314,108.408,0.11412011
8,0,0,2,0,0,0,0,0,0,0,0,0,0,0,0,0,0,8,2,0,0,0,0,20,0,0,-1.0256,41.35453333,112.3336,2.296,200.1186667,0.11019503
9,0,0,1,0,0,0,0,0,0,0,0,0,0,0,0,0,0,9,1,0,0,0,0,20,0,0,-1.0223,39.85426667,112.0003,2.278,291.8293333,0.12045213
0,0,0,0,0,0,0,0,0,0,0,0,0,0,0,5,5,0,0,0,0,0,0,10,10,10,0,-0.3395,56.57466667,116.667,2.346,156.37,0.95082587
0,0,0,0,0,0,0,0,0,0,0,0,0,0,0,6,4,0,0,0,0,0,0,10,12,8,0,-0.359,53.44726667,115.667,2.348,43.22066666,0.98090653
0,0,0,0,0,0,0,0,0,0,0,0,0,0,0,7,3,0,0,0,0,0,0,10,14,6,0,-0.3785,50.31986667,114.667,2.35,69.92866668,1.00201044
0,0,0,0,0,0,0,0,0,0,0,0,0,0,0,8,2,0,0,0,0,0,0,10,16,4,0,-0.398,47.19246667,113.667,2.352,183.078,1.01952051
0,0,0,0,0,0,0,0,0,0,0,0,0,0,0,9,1,0,0,0,0,0,0,10,18,2,0,-0.4175,44.06506667,112.667,2.354,296.2273334,1.05771477
0,0,0,0,0,0,0,0,0,0,0,0,0,0,0,1,9,0,0,0,0,0,0,10,2,18,0,-0.2615,69.08426667,120.667,2.338,608.9673334,0.85552148
0,0,0,0,0,0,0,0,0,0,0,0,0,0,0,2,8,0,0,0,0,0,0,10,4,16,0,-0.281,65.95686667,119.667,2.34,495.818,0.88596578
0,0,0,0,0,0,0,0,0,0,0,0,0,0,0,3,7,0,0,0,0,0,0,10,6,14,0,-0.3005,62.82946667,118.667,2.342,382.6686667,0.90208629
0,0,0,0,0,0,0,0,0,0,0,0,0,0,0,4,6,0,0,0,0,0,0,10,8,12,0,-0.32,59.70206667,117.667,2.344,269.5193333,0.92786931
0,0,0,0,0,0,0,0,0,0,0,0,0,8,0,2,0,0,0,0,0,0,8,2,4,16,0,-0.9378,62.29366667,126.3334,2.1936,459.186,-2.09597714
0,0,0,0,0,0,0,0,0,0,0,0,0,7,0,3,0,0,0,0,0,0,7,3,6,14,0,-0.8752,59.62416667,124.5001,2.2139,350.6156667,-1.66044271
0,0,0,0,0,0,0,0,0,0,0,0,0,6,0,4,0,0,0,0,0,0,6,4,8,12,0,-0.8126,56.95466667,122.6668,2.2342,242.0453333,-1.27173836
0,0,0,0,0,0,0,0,0,0,0,0,0,5,0,5,0,0,0,0,0,0,5,5,10,10,0,-0.75,54.28516667,120.8335,2.2545,133.475,-0.94473867
0,0,0,0,0,0,0,0,0,0,0,0,0,4,0,6,0,0,0,0,0,0,4,6,12,8,0,-0.6874,51.61566667,119.0002,2.2748,24.90466666,-1.76386225
0,0,0,0,0,0,0,0,0,0,0,0,0,3,0,7,0,0,0,0,0,0,3,7,14,6,0,-0.6248,48.94616667,117.1669,2.2951,83.66566668,-0.58765207
0,0,0,0,0,0,0,0,0,0,0,0,0,2,0,8,0,0,0,0,0,0,2,8,16,4,0,-0.5622,46.27666667,115.3336,2.3154,192.236,-0.41328384
0,0,0,0,0,0,0,0,0,0,0,0,0,1,0,9,0,0,0,0,0,0,1,9,18,2,0,-0.4996,43.60716667,113.5003,2.3357,300.8063334,-0.04507781
1,0,0,0,0,0,0,0,0,0,9,0,0,0,0,0,0,0,1,0,0,9,0,0,2,18,0,-0.5996,106.37,120.667,2.46403,986.9919997,-0.29062272
2,0,0,0,0,0,0,0,0,0,8,0,0,0,0,0,0,0,2,0,0,8,0,0,4,16,0,-0.6462,98.81266664,119.667,2.44136,834.7106664,-0.23913608
3,0,0,0,0,0,0,0,0,0,7,0,0,0,0,0,0,0,3,0,0,7,0,0,6,14,0,-0.6928,91.25533331,118.667,2.41869,682.4293331,-0.189294
4,0,0,0,0,0,0,0,0,0,6,0,0,0,0,0,0,0,4,0,0,6,0,0,8,12,0,-0.7394,83.69799998,117.667,2.39602,530.1479998,-0.14508121
5,0,0,0,0,0,0,0,0,0,5,0,0,0,0,0,0,0,5,0,0,5,0,0,10,10,0,-0.786,76.14066665,116.667,2.37335,377.8666665,-0.10496152
6,0,0,0,0,0,0,0,0,0,4,0,0,0,0,0,0,0,6,0,0,4,0,0,12,8,0,-0.8326,68.58333332,115.667,2.35068,225.5853332,-0.07294029
7,0,0,0,0,0,0,0,0,0,3,0,0,0,0,0,0,0,7,0,0,3,0,0,14,6,0,-0.8792,61.02599999,114.667,2.32801,73.3039999,-0.04927226
8,0,0,0,0,0,0,0,0,0,2,0,0,0,0,0,0,0,8,0,0,2,0,0,16,4,0,-0.9258,53.46866666,113.667,2.30534,78.9773334,-0.0438382
9,0,0,0,0,0,0,0,0,0,1,0,0,0,0,0,0,0,9,0,0,1,0,0,18,2,0,-0.9724,45.91133333,112.667,2.28267,231.2586667,-0.03381149
0,0,0,0,1,0,0,0,0,0,0,0,0,9,0,0,0,0,0,1,0,0,9,0,0,20,0,-1.0237,69.33246667,129.5,2.1797,524.0633334,-2.13847593
0,0,0,0,2,0,0,0,0,0,0,0,0,8,0,0,0,0,0,2,0,0,8,0,0,20,0,-0.9844,71.03226667,129,2.2064,371.8,-2.27236945
0,0,0,0,3,0,0,0,0,0,0,0,0,7,0,0,0,0,0,3,0,0,7,0,0,20,0,-0.9451,72.73206667,128.5,2.2331,219.5366667,-2.48860364
0,0,0,0,4,0,0,0,0,0,0,0,0,6,0,0,0,0,0,4,0,0,6,0,0,20,0,-0.9058,74.43186667,128,2.2598,67.27333334,-2.72975389
0,0,0,0,6,0,0,0,0,0,0,0,0,4,0,0,0,0,0,6,0,0,4,0,0,20,0,-0.8272,77.83146667,127,2.3132,237.2533333,-3.29933126
0,0,0,0,9,0,0,0,0,0,0,0,0,1,0,0,0,0,0,9,0,0,1,0,0,20,0,-0.7093,82.93086667,125.5,2.3933,694.0433334,-4.13574089
0,1,0,0,0,0,0,9,0,0,0,0,0,0,0,0,0,0,1,0,9,0,0,0,0,20,0,-1.0742,68.7055,123.1664,2.216,547.799,-0.11726981
0,2,0,0,0,0,0,8,0,0,0,0,0,0,0,0,0,0,2,0,8,0,0,0,0,20,0,-1.0304,68.808,122.9998,2.219,409.568,-0.11364919
0,3,0,0,0,0,0,7,0,0,0,0,0,0,0,0,0,0,3,0,7,0,0,0,0,20,0,-0.9866,68.9105,122.8332,2.222,271.337,-0.08424951
0,4,0,0,0,0,0,6,0,0,0,0,0,0,0,0,0,0,4,0,6,0,0,0,0,20,0,-0.9428,69.013,122.6666,2.225,133.106,-0.0698132
0,5,0,0,0,0,0,5,0,0,0,0,0,0,0,0,0,0,5,0,5,0,0,0,0,20,0,-0.899,69.1155,122.5,2.228,5.125,-0.06532318
0,6,0,0,0,0,0,4,0,0,0,0,0,0,0,0,0,0,6,0,4,0,0,0,0,20,0,-0.8552,69.218,122.3334,2.231,143.356,-0.06848714
0,7,0,0,0,0,0,3,0,0,0,0,0,0,0,0,0,0,7,0,3,0,0,0,0,20,0,-0.8114,69.3205,122.1668,2.234,281.587,-0.08183931
0,8,0,0,0,0,0,2,0,0,0,0,0,0,0,0,0,0,8,0,2,0,0,0,0,20,0,-0.7676,69.423,122.0002,2.237,419.818,-0.10181881
0,9,0,0,0,0,0,1,0,0,0,0,0,0,0,0,0,0,9,0,1,0,0,0,0,20,0,-0.7238,69.5255,121.8336,2.24,558.049,-0.14361863
0,1,0,0,0,0,0,0,0,0,0,0,0,0,0,9,0,0,1,0,0,0,0,9,18,2,0,-0.4613,43.8067,112.667,2.3447,298.811,0.53034292
0,2,0,0,0,0,0,0,0,0,0,0,0,0,0,8,0,0,2,0,0,0,0,8,16,4,0,-0.4856,46.67573334,113.667,2.3334,188.2453334,0.36697766
0,3,0,0,0,0,0,0,0,0,0,0,0,0,0,7,0,0,3,0,0,0,0,7,14,6,0,-0.5099,49.54476667,114.667,2.3221,77.67966669,0.27546223
0,4,0,0,0,0,0,0,0,0,0,0,0,0,0,6,0,0,4,0,0,0,0,6,12,8,0,-0.5342,52.4138,115.667,2.3108,32.88599998,0.20276956
0,5,0,0,0,0,0,0,0,0,0,0,0,0,0,5,0,0,5,0,0,0,0,5,10,10,0,-0.5585,55.28283334,116.667,2.2995,143.4516667,-0.04334986
0,6,0,0,0,0,0,0,0,0,0,0,0,0,0,4,0,0,6,0,0,0,0,4,8,12,0,-0.5828,58.15186667,117.667,2.2882,254.0173333,-0.20281449
0,7,0,0,0,0,0,0,0,0,0,0,0,0,0,3,0,0,7,0,0,0,0,3,6,14,0,-0.6071,61.0209,118.667,2.2769,364.583,-0.37207644
0,8,0,0,0,0,0,0,0,0,0,0,0,0,0,2,0,0,8,0,0,0,0,2,4,16,0,-0.6314,63.88993333,119.667,2.2656,475.1486667,-0.5446865
0,9,0,0,0,0,0,0,0,0,0,0,0,0,0,1,0,0,9,0,0,0,0,1,2,18,0,-0.6557,66.75896667,120.667,2.2543,585.7143333,-0.33090319
0,1,0,0,0,0,0,0,0,0,0,0,0,9,0,0,0,0,1,0,0,0,9,0,0,20,0,-1.0247,67.8322,129.1667,2.162,539.066,-1.97436937
0,2,0,0,0,0,0,0,0,0,0,0,0,8,0,0,0,0,2,0,0,0,8,0,0,20,0,-0.9864,68.03173334,128.3334,2.171,401.8053334,-1.69633088
0,3,0,0,0,0,0,0,0,0,0,0,0,7,0,0,0,0,3,0,0,0,7,0,0,20,0,-0.9481,68.23126667,127.5001,2.18,264.5446667,-1.42194396
0,4,0,0,0,0,0,0,0,0,0,0,0,6,0,0,0,0,4,0,0,0,6,0,0,20,0,-0.9098,68.4308,126.6668,2.189,127.284,-1.18332289
0,5,0,0,0,0,0,0,0,0,0,0,0,5,0,0,0,0,5,0,0,0,5,0,0,20,0,-0.8715,68.63033334,125.8335,2.198,9.97666665,-0.976395
0,6,0,0,0,0,0,0,0,0,0,0,0,4,0,0,0,0,6,0,0,0,4,0,0,20,0,-0.8332,68.82986667,125.0002,2.207,147.2373333,-0.8028162
0,7,0,0,0,0,0,0,0,0,0,0,0,3,0,0,0,0,7,0,0,0,3,0,0,20,0,-0.7949,69.0294,124.1669,2.216,284.498,-0.67230633
0,8,0,0,0,0,0,0,0,0,0,0,0,2,0,0,0,0,8,0,0,0,2,0,0,20,0,-0.7566,69.22893333,123.3336,2.225,421.7586667,-0.53148006
0,9,0,0,0,0,0,0,0,0,0,0,0,1,0,0,0,0,9,0,0,0,1,0,0,20,0,-0.7183,69.42846667,122.5003,2.234,559.0193333,-0.21840089
0,0,0,0,0,0,0,1,0,0,0,0,0,9,0,0,0,0,0,0,1,0,9,0,0,20,0,-1.0685,67.7297,129.3333,2.159,540.091,-2.09408204
0,0,0,0,0,0,0,2,0,0,0,0,0,8,0,0,0,0,0,0,2,0,8,0,0,20,0,-1.074,67.82673334,128.6666,2.165,403.8553334,-1.73381317
0,0,0,0,0,0,0,3,0,0,0,0,0,7,0,0,0,0,0,0,3,0,7,0,0,20,0,-1.0795,67.92376667,127.9999,2.171,267.6196667,-1.37128589
0,0,0,0,0,0,0,4,0,0,0,0,0,6,0,0,0,0,0,0,4,0,6,0,0,20,0,-1.085,68.0208,127.3332,2.177,131.384,-1.06725054
0,0,0,0,0,0,0,5,0,0,0,0,0,5,0,0,0,0,0,0,5,0,5,0,0,20,0,-1.0905,68.11783334,126.6665,2.183,4.85166665,-0.82993682
0,0,0,0,0,0,0,6,0,0,0,0,0,4,0,0,0,0,0,0,6,0,4,0,0,20,0,-1.096,68.21486667,125.9998,2.189,141.0873333,-0.657596
0,0,0,0,0,0,0,7,0,0,0,0,0,3,0,0,0,0,0,0,7,0,3,0,0,20,0,-1.1015,68.3119,125.3331,2.195,277.323,-0.56058566
0,0,0,0,0,0,0,8,0,0,0,0,0,2,0,0,0,0,0,0,8,0,2,0,0,20,0,-1.107,68.40893333,124.6664,2.201,413.5586667,-0.50742955
0,0,0,0,0,0,0,9,0,0,0,0,0,1,0,0,0,0,0,0,9,0,1,0,0,20,0,-1.1125,68.50596667,123.9997,2.207,549.7943333,-0.43460456
0,0,0,0,0,0,0,0,9,0,0,0,0,1,0,0,0,0,0,0,9,0,1,0,0,2,18,-0.7435,97.68336664,139,1.93727,841.568333,-0.5190666
0,0,0,0,0,0,0,0,8,0,0,0,0,2,0,0,0,0,0,0,8,0,2,0,0,4,16,-0.779,94.34439997,138,1.96124,672.9133331,-0.80836974
0,0,0,0,0,0,0,0,7,0,0,0,0,3,0,0,0,0,0,0,7,0,3,0,0,6,14,-0.8145,91.00543331,137,1.98521,504.2583331,-1.4749805
0,0,0,0,0,0,0,0,6,0,0,0,0,4,0,0,0,0,0,0,6,0,4,0,0,8,12,-0.85,87.66646665,136,2.00918,335.6033331,-2.33289725
0,0,0,0,0,0,0,0,5,0,0,0,0,5,0,0,0,0,0,0,5,0,5,0,0,10,10,-0.8855,84.32749999,135,2.03315,166.9483332,-2.70165581
0,0,0,0,0,0,0,0,4,0,0,0,0,6,0,0,0,0,0,0,4,0,6,0,0,12,8,-0.921,80.98853332,134,2.05712,1.70666682,-3.60776664
0,0,0,0,0,0,0,0,3,0,0,0,0,7,0,0,0,0,0,0,3,0,7,0,0,14,6,-0.9565,77.64956666,133,2.08109,170.3616668,-3.96756723
0,0,0,0,0,0,0,0,2,0,0,0,0,8,0,0,0,0,0,0,2,0,8,0,0,16,4,-0.992,74.3106,132,2.10506,339.0166668,-4.09015902
0,0,0,0,0,0,0,0,1,0,0,0,0,9,0,0,0,0,0,0,1,0,9,0,0,18,2,-1.0275,70.97163333,131,2.12903,507.6716667,-2.42383906
0,0,0,0,0,0,1,0,0,0,0,9,0,0,0,0,0,0,0,0,1,9,0,0,2,0,18,-0.2372,135.4449,135.833,2.19133,1279.791,-0.14131854
0,0,0,0,0,0,2,0,0,0,0,8,0,0,0,0,0,0,0,0,2,8,0,0,4,0,16,-0.3734,124.5431334,133.333,2.19596,1096.115334,-0.07989617
0,0,0,0,0,0,3,0,0,0,0,7,0,0,0,0,0,0,0,0,3,7,0,0,6,0,14,-0.5096,113.6413667,130.833,2.20059,912.4396669,-0.03128157
0,0,0,0,0,0,4,0,0,0,0,6,0,0,0,0,0,0,0,0,4,6,0,0,8,0,12,-0.6458,102.7396,128.333,2.20522,728.7640002,-0.0039948
0,0,0,0,0,0,5,0,0,0,0,5,0,0,0,0,0,0,0,0,5,5,0,0,10,0,10,-0.782,91.83783335,125.833,2.20985,545.0883335,0.00691208
0,0,0,0,0,0,6,0,0,0,0,4,0,0,0,0,0,0,0,0,6,4,0,0,12,0,8,-0.9182,80.93606668,123.333,2.21448,361.4126668,-0.00173583
0,0,0,0,0,0,7,0,0,0,0,3,0,0,0,0,0,0,0,0,7,3,0,0,14,0,6,-1.0544,70.03430001,120.833,2.21911,177.7370001,-0.01696148
0,0,0,0,0,0,8,0,0,0,0,2,0,0,0,0,0,0,0,0,8,2,0,0,16,0,4,-1.1906,59.13253334,118.333,2.22374,5.9386666,-0.16189748
0,0,0,0,0,0,9,0,0,0,0,1,0,0,0,0,0,0,0,0,9,1,0,0,18,0,2,-1.3268,48.23076667,115.833,2.22837,189.6143333,-0.00820731
0,0,0,1,0,0,0,0,0,0,9,0,0,0,0,0,0,0,0,1,0,9,0,0,2,18,0,-0.6029,107.8702666,121.0003,2.48203,971.989333,-0.35742002
0,0,0,2,0,0,0,0,0,0,8,0,0,0,0,0,0,0,0,2,0,8,0,0,4,16,0,-0.6528,101.8132,120.3336,2.47736,804.7053331,-0.29263325
0,0,0,3,0,0,0,0,0,0,7,0,0,0,0,0,0,0,0,3,0,7,0,0,6,14,0,-0.7027,95.75613331,119.6669,2.47269,637.4213331,-0.23417932
0,0,0,4,0,0,0,0,0,0,6,0,0,0,0,0,0,0,0,4,0,6,0,0,8,12,0,-0.7526,89.69906665,119.0002,2.46802,470.1373331,-0.18598415
0,0,0,5,0,0,0,0,0,0,5,0,0,0,0,0,0,0,0,5,0,5,0,0,10,10,0,-0.8025,83.64199999,118.3335,2.46335,302.8533332,-0.14823988
0,0,0,6,0,0,0,0,0,0,4,0,0,0,0,0,0,0,0,6,0,4,0,0,12,8,0,-0.8524,77.58493332,117.6668,2.45868,135.5693332,-0.12119156
0,0,0,7,0,0,0,0,0,0,3,0,0,0,0,0,0,0,0,7,0,3,0,0,14,6,0,-0.9023,71.52786666,117.0001,2.45401,31.71466679,-0.1055
0,0,0,8,0,0,0,0,0,0,2,0,0,0,0,0,0,0,0,8,0,2,0,0,16,4,0,-0.9522,65.4708,116.3334,2.44934,198.9986668,-0.10167756
0,9,0,0,0,0,0,0,0,0,1,0,0,0,0,0,0,0,9,0,0,1,0,0,0,20,0,-0.6673,74.05793333,121.667,2.26737,512.7246667,-0.12121942
0,8,0,0,0,0,0,0,0,0,2,0,0,0,0,0,0,0,8,0,0,2,0,0,0,20,0,-0.6546,78.48786666,121.667,2.29174,329.1693334,-0.16064909
0,7,0,0,0,0,0,0,0,0,3,0,0,0,0,0,0,0,7,0,0,3,0,0,0,20,0,-0.6419,82.91779999,121.667,2.31611,145.6140001,-0.13647822
0,6,0,0,0,0,0,0,0,0,4,0,0,0,0,0,0,0,6,0,0,4,0,0,0,20,0,-0.6292,87.34773332,121.667,2.34048,37.9413332,-0.13751147
0,5,0,0,0,0,0,0,0,0,5,0,0,0,0,0,0,0,5,0,0,5,0,0,0,20,0,-0.6165,91.77766665,121.667,2.36485,221.4966665,-0.13900635
0,4,0,0,0,0,0,0,0,0,6,0,0,0,0,0,0,0,4,0,0,6,0,0,0,20,0,-0.6038,96.20759998,121.667,2.38922,405.0519998,-0.1427584
0,3,0,0,0,0,0,0,0,0,7,0,0,0,0,0,0,0,3,0,0,7,0,0,0,20,0,-0.5911,100.6375333,121.667,2.41359,588.6073331,-0.13809727
0,2,0,0,0,0,0,0,0,0,8,0,0,0,0,0,0,0,2,0,0,8,0,0,0,20,0,-0.5784,105.0674666,121.667,2.43796,772.1626664,-0.13903501
0,1,0,0,0,0,0,0,0,0,9,0,0,0,0,0,0,0,1,0,0,9,0,0,0,20,0,-0.5657,109.4974,121.667,2.46233,955.7179997,-0.15331536
0,0,0,0,0,0,0,0,0,5,5,0,0,0,0,0,0,0,0,0,0,10,0,0,10,10,0,-0.779,98.29033332,116.667,2.49635,156.3699999,-0.03415334
0,0,0,0,0,0,0,0,0,6,4,0,0,0,0,0,0,0,0,0,0,10,0,0,12,8,0,-0.8242,95.16293332,115.667,2.49828,40.21066678,-0.00911938
0,0,0,0,0,0,0,0,0,7,3,0,0,0,0,0,0,0,0,0,0,10,0,0,14,6,0,-0.8694,92.03553332,114.667,2.50021,236.7913334,0.00374364
0,0,0,0,0,0,0,0,0,8,2,0,0,0,0,0,0,0,0,0,0,10,0,0,16,4,0,-0.9146,88.90813332,113.667,2.50214,433.372,0.00425422
0,0,0,0,0,0,0,0,0,9,1,0,0,0,0,0,0,0,0,0,0,10,0,0,18,2,0,-0.9598,85.78073333,112.667,2.50407,629.9526667,-0.00750373
0,0,0,0,0,0,0,0,0,1,9,0,0,0,0,0,0,0,0,0,0,10,0,0,2,18,0,-0.5982,110.7999333,120.667,2.48863,942.6926664,-0.2509218
0,0,0,0,0,0,0,0,0,2,8,0,0,0,0,0,0,0,0,0,0,10,0,0,4,16,0,-0.6434,107.6725333,119.667,2.49056,746.1119997,-0.18037049
0,0,0,0,0,0,0,0,0,3,7,0,0,0,0,0,0,0,0,0,0,10,0,0,6,14,0,-0.6886,104.5451333,118.667,2.49249,549.5313331,-0.11983284
0,0,0,0,0,0,0,0,0,4,6,0,0,0,0,0,0,0,0,0,0,10,0,0,8,12,0,-0.7338,101.4177333,117.667,2.49442,352.9506665,-0.07095035
0,0,0,0,0,0,0,0,0,0,0,0,0,1,0,0,9,0,0,0,0,0,1,9,0,20,0,-0.3241,71.75376667,122.5003,2.3177,582.2723334,-0.23362963
0,0,0,0,0,0,0,0,0,0,0,0,0,2,0,0,8,0,0,0,0,0,2,8,0,20,0,-0.4062,71.29586667,123.3336,2.2994,442.428,-0.58725366
0,0,0,0,0,0,0,0,0,0,0,0,0,3,0,0,7,0,0,0,0,0,3,7,0,20,0,-0.4883,70.83796667,124.1669,2.2811,302.5836667,-0.76333678
0,0,0,0,0,0,0,0,0,0,0,0,0,4,0,0,6,0,0,0,0,0,4,6,0,20,0,-0.5704,70.38006667,125.0002,2.2628,162.7393333,-1.89505938
0,0,0,0,0,0,0,0,0,0,0,0,0,5,0,0,5,0,0,0,0,0,5,5,0,20,0,-0.6525,69.92216667,125.8335,2.2445,22.895,-1.08168613
0,0,0,0,0,0,0,0,0,0,0,0,0,6,0,0,4,0,0,0,0,0,6,4,0,20,0,-0.7346,69.46426667,126.6668,2.2262,116.9493333,-1.35693353
0,0,0,0,0,0,0,0,0,0,0,0,0,7,0,0,3,0,0,0,0,0,7,3,0,20,0,-0.8167,69.00636667,127.5001,2.2079,256.7936667,-1.63358956
0,0,0,0,0,0,0,0,0,0,0,0,0,8,0,0,2,0,0,0,0,0,8,2,0,20,0,-0.8988,68.54846667,128.3334,2.1896,396.638,-1.99884182
0,0,0,0,0,0,0,0,0,0,0,0,0,9,0,0,1,0,0,0,0,0,9,1,0,20,0,-0.9809,68.09056667,129.1667,2.1713,536.4823334,-1.99157526
0,0,0,0,0,0,0,1,0,0,0,0,0,0,0,0,9,0,0,0,1,0,0,9,0,20,0,-0.3296,71.8508,121.8336,2.3237,581.302,0.15431594
0,0,0,0,0,0,0,2,0,0,0,0,0,0,0,0,8,0,0,0,2,0,0,8,0,20,0,-0.4172,71.48993334,122.0002,2.3114,440.4873334,-0.04094117
0,0,0,0,0,0,0,3,0,0,0,0,0,0,0,0,7,0,0,0,3,0,0,7,0,20,0,-0.5048,71.12906667,122.1668,2.2991,299.6726667,-0.19105181
0,0,0,0,0,0,0,4,0,0,0,0,0,0,0,0,6,0,0,0,4,0,0,6,0,20,0,-0.5924,70.7682,122.3334,2.2868,158.858,-0.30075398
0,0,0,0,0,0,0,5,0,0,0,0,0,0,0,0,5,0,0,0,5,0,0,5,0,20,0,-0.68,70.40733334,122.5,2.2745,18.04333335,-0.39792677
0,0,0,0,0,0,0,6,0,0,0,0,0,0,0,0,4,0,0,0,6,0,0,4,0,20,0,-0.7676,70.04646667,122.6666,2.2622,122.7713333,-0.50836146
0,0,0,0,0,0,0,7,0,0,0,0,0,0,0,0,3,0,0,0,7,0,0,3,0,20,0,-0.8552,69.6856,122.8332,2.2499,263.586,-0.6293723
0,0,0,0,0,0,0,8,0,0,0,0,0,0,0,0,2,0,0,0,8,0,0,2,0,20,0,-0.9428,69.32473333,122.9998,2.2376,404.4006667,-0.75163425
0,0,0,0,0,0,0,9,0,0,0,0,0,0,0,0,1,0,0,0,9,0,0,1,0,20,0,-1.0304,68.96386667,123.1664,2.2253,545.2153333,-0.45253352
0,0,0,0,0,0,9,0,0,0,0,0,0,0,0,1,0,0,0,0,9,0,0,1,20,0,0,-1.3604,37.68986667,113.1664,2.2453,295.0233333,-0.01374494
0,0,0,0,0,0,8,0,0,0,0,0,0,0,0,2,0,0,0,0,8,0,0,2,20,0,0,-1.2578,38.05073333,112.9998,2.2576,216.7566667,-0.50627146
0,0,0,0,0,0,7,0,0,0,0,0,0,0,0,3,0,0,0,0,7,0,0,3,20,0,0,-1.1552,38.4116,112.8332,2.2699,138.49,-0.41123822
0,0,0,0,0,0,6,0,0,0,0,0,0,0,0,4,0,0,0,0,6,0,0,4,20,0,0,-1.0526,38.77246667,112.6666,2.2822,60.22333332,-0.29565745
0,0,0,0,0,0,5,0,0,0,0,0,0,0,0,5,0,0,0,0,5,0,0,5,20,0,0,-0.95,39.13333334,112.5,2.2945,18.04333335,-0.17918543
0,0,0,0,0,0,4,0,0,0,0,0,0,0,0,6,0,0,0,0,4,0,0,6,20,0,0,-0.8474,39.4942,112.3334,2.3068,96.31000002,-0.06430237
0,0,0,0,0,0,3,0,0,0,0,0,0,0,0,7,0,0,0,0,3,0,0,7,20,0,0,-0.7448,39.85506667,112.1668,2.3191,174.5766667,0.04913574
0,0,0,0,0,0,2,0,0,0,0,0,0,0,0,8,0,0,0,0,2,0,0,8,20,0,0,-0.6422,40.21593334,112.0002,2.3314,252.8433334,0.16731337
0,0,0,0,0,0,1,0,0,0,0,0,0,0,0,9,0,0,0,0,1,0,0,9,20,0,0,-0.5396,40.5768,111.8336,2.3437,331.11,0.34800653
0,0,0,0,0,0,0,1,0,0,0,9,0,0,0,0,0,0,0,0,1,9,0,0,0,2,18,-0.2027,138.5723,136.833,2.18933,1248.517,0.004622
0,0,0,0,0,0,0,2,0,0,0,8,0,0,0,0,0,0,0,0,2,8,0,0,0,4,16,-0.3044,130.7979334,135.333,2.19196,1033.567334,-0.02814896
0,0,0,0,0,0,0,3,0,0,0,7,0,0,0,0,0,0,0,0,3,7,0,0,0,6,14,-0.4061,123.0235667,133.833,2.19459,818.6176669,-0.05597988
0,0,0,0,0,0,0,4,0,0,0,6,0,0,0,0,0,0,0,0,4,6,0,0,0,8,12,-0.5078,115.2492,132.333,2.19722,603.6680002,-0.08950868
0,0,0,0,0,0,0,5,0,0,0,5,0,0,0,0,0,0,0,0,5,5,0,0,0,10,10,-0.6095,107.4748334,130.833,2.19985,388.7183335,-0.11944722
0,0,0,0,0,0,0,6,0,0,0,4,0,0,0,0,0,0,0,0,6,4,0,0,0,12,8,-0.7112,99.70046668,129.333,2.20248,173.7686668,-0.15406611
0,0,0,0,0,0,0,7,0,0,0,3,0,0,0,0,0,0,0,0,7,3,0,0,0,14,6,-0.8129,91.92610001,127.833,2.20511,41.1809999,-0.17561466
0,0,0,0,0,0,0,8,0,0,0,2,0,0,0,0,0,0,0,0,8,2,0,0,0,16,4,-0.9146,84.15173334,126.333,2.20774,256.1306666,-0.30040997
0,0,0,0,0,0,0,9,0,0,0,1,0,0,0,0,0,0,0,0,9,1,0,0,0,18,2,-1.0163,76.37736667,124.833,2.21037,471.0803333,-0.11874866
0,0,0,0,0,0,0,0,0,0,1,0,0,9,0,0,0,0,0,0,0,1,9,0,0,20,0,-1.012,72.26213333,129.1667,2.18637,494.7666667,-1.65202636
0,0,0,0,0,0,0,0,0,0,2,0,0,8,0,0,0,0,0,0,0,2,8,0,0,20,0,-0.961,76.8916,128.3334,2.21974,313.2066668,-1.3784487
0,0,0,0,0,0,0,0,0,0,3,0,0,7,0,0,0,0,0,0,0,3,7,0,0,20,0,-0.91,81.52106666,127.5001,2.25311,131.6466668,-1.11940488
0,0,0,0,0,0,0,0,0,0,4,0,0,6,0,0,0,0,0,0,0,4,6,0,0,20,0,-0.859,86.15053332,126.6668,2.28648,49.91333318,-0.92239461
0,0,0,0,0,0,0,0,0,0,5,0,0,5,0,0,0,0,0,0,0,5,5,0,0,20,0,-0.808,90.77999999,125.8335,2.31985,231.4733332,-0.76346514
0,0,0,0,0,0,0,0,0,0,6,0,0,4,0,0,0,0,0,0,0,6,4,0,0,20,0,-0.757,95.40946665,125.0002,2.35322,413.0333331,-0.61580131
0,0,0,0,0,0,0,0,0,0,7,0,0,3,0,0,0,0,0,0,0,7,3,0,0,20,0,-0.706,100.0389333,124.1669,2.38659,594.5933331,-0.47123816
0,0,0,0,0,0,0,0,0,0,8,0,0,2,0,0,0,0,0,0,0,8,2,0,0,20,0,-0.655,104.6684,123.3336,2.41996,776.1533331,-0.29067169
0,0,0,0,0,0,0,0,0,0,9,0,0,1,0,0,0,0,0,0,0,9,1,0,0,20,0,-0.604,109.2978666,122.5003,2.45333,957.713333,-0.00359804
0,0,0,0,0,9,0,0,0,0,0,0,0,1,0,0,0,0,0,9,0,0,1,0,0,2,18,-0.3502,112.1082667,140.5003,2.1233,985.8173333,-0.03343894
0,0,0,0,0,8,0,0,0,0,0,0,0,2,0,0,0,0,0,8,0,0,2,0,0,4,16,-0.4294,107.1665333,139.3336,2.1266,801.1346667,-0.24907504
0,0,0,0,0,7,0,0,0,0,0,0,0,3,0,0,0,0,0,7,0,0,3,0,0,6,14,-0.5086,102.2248,138.1669,2.1299,616.452,-0.36796139
0,0,0,0,0,6,0,0,0,0,0,0,0,4,0,0,0,0,0,6,0,0,4,0,0,8,12,-0.5878,97.28306667,137.0002,2.1332,431.7693333,-0.43594878
0,0,0,0,0,5,0,0,0,0,0,0,0,5,0,0,0,0,0,5,0,0,5,0,0,10,10,-0.667,92.34133333,135.8335,2.1365,247.0866666,-0.46977666
0,0,0,0,0,4,0,0,0,0,0,0,0,6,0,0,0,0,0,4,0,0,6,0,0,12,8,-0.7462,87.3996,134.6668,2.1398,62.40399998,-0.51953907
0,0,0,0,0,3,0,0,0,0,0,0,0,7,0,0,0,0,0,3,0,0,7,0,0,14,6,-0.8254,82.45786667,133.5001,2.1431,122.2786667,-0.81056686
0,0,0,0,0,2,0,0,0,0,0,0,0,8,0,0,0,0,0,2,0,0,8,0,0,16,4,-0.9046,77.51613334,132.3334,2.1464,306.9613334,-1.16848017
0,0,0,0,0,1,0,0,0,0,0,0,0,9,0,0,0,0,0,1,0,0,9,0,0,18,2,-0.9838,72.5744,131.1667,2.1497,491.644,-1.62799943
0,0,0,0,0,9,0,0,0,0,0,0,0,0,0,1,0,0,0,9,0,0,0,1,2,0,18,-0.2876,109.4387667,138.667,2.1436,1012.512333,-0.06195565
0,0,0,0,0,8,0,0,0,0,0,0,0,0,0,2,0,0,0,8,0,0,0,2,4,0,16,-0.3042,101.8275333,135.667,2.1672,854.5246667,0.04972866
0,0,0,0,0,7,0,0,0,0,0,0,0,0,0,3,0,0,0,7,0,0,0,3,6,0,14,-0.3208,94.2163,132.667,2.1908,696.537,0.18261435
0,0,0,0,0,6,0,0,0,0,0,0,0,0,0,4,0,0,0,6,0,0,0,4,8,0,12,-0.3374,86.60506667,129.667,2.2144,538.5493333,0.3009708
0,0,0,0,0,5,0,0,0,0,0,0,0,0,0,5,0,0,0,5,0,0,0,5,10,0,10,-0.354,78.99383333,126.667,2.238,380.5616667,0.41086881
0,0,0,0,0,4,0,0,0,0,0,0,0,0,0,6,0,0,0,4,0,0,0,6,12,0,8,-0.3706,71.3826,123.667,2.2616,222.574,0.50992891
0,0,0,0,0,3,0,0,0,0,0,0,0,0,0,7,0,0,0,3,0,0,0,7,14,0,6,-0.3872,63.77136667,120.667,2.2852,64.58633331,0.61215471
0,0,0,0,0,2,0,0,0,0,0,0,0,0,0,8,0,0,0,2,0,0,0,8,16,0,4,-0.4038,56.16013334,117.667,2.3088,93.40133336,0.66397326
0,0,0,0,0,1,0,0,0,0,0,0,0,0,0,9,0,0,0,1,0,0,0,9,18,0,2,-0.4204,48.5489,114.667,2.3324,251.389,0.99107057
0,0,0,1,0,0,9,0,0,0,0,0,0,0,0,0,0,0,0,1,9,0,0,0,20,0,0,-1.4219,38.93176667,113.4997,2.2537,282.6043333,0.48245496
0,0,0,2,0,0,8,0,0,0,0,0,0,0,0,0,0,0,0,2,8,0,0,0,20,0,0,-1.3808,40.53453333,113.6664,2.2744,191.9186667,0.44625745
0,0,0,3,0,0,7,0,0,0,0,0,0,0,0,0,0,0,0,3,7,0,0,0,20,0,0,-1.3397,42.1373,113.8331,2.2951,101.233,0.51504286
0,0,0,4,0,0,6,0,0,0,0,0,0,0,0,0,0,0,0,4,6,0,0,0,20,0,0,-1.2986,43.74006667,113.9998,2.3158,10.54733332,0.53561702
0,0,0,5,0,0,5,0,0,0,0,0,0,0,0,0,0,0,0,5,5,0,0,0,20,0,0,-1.2575,45.34283334,114.1665,2.3365,80.13833335,0.54106452
0,0,0,6,0,0,4,0,0,0,0,0,0,0,0,0,0,0,0,6,4,0,0,0,20,0,0,-1.2164,46.9456,114.3332,2.3572,170.824,0.53469053
0,0,0,7,0,0,3,0,0,0,0,0,0,0,0,0,0,0,0,7,3,0,0,0,20,0,0,-1.1753,48.54836667,114.4999,2.3779,261.5096667,0.51203711
0,0,0,8,0,0,2,0,0,0,0,0,0,0,0,0,0,0,0,8,2,0,0,0,20,0,0,-1.1342,50.15113334,114.6666,2.3986,352.1953334,0.4738719
0,0,0,9,0,0,1,0,0,0,0,0,0,0,0,0,0,0,0,9,1,0,0,0,20,0,0,-1.0931,51.7539,114.8333,2.4193,442.881,0.40834772
0,9,0,0,1,0,0,0,0,0,0,0,0,0,0,0,0,0,9,1,0,0,0,0,0,20,0,-0.679,71.12826667,122.0003,2.2607,542.0213333,-0.57950671
0,8,0,0,2,0,0,0,0,0,0,0,0,0,0,0,0,0,8,2,0,0,0,0,0,20,0,-0.678,72.62853333,122.3336,2.2784,387.7626667,-1.08090643
0,7,0,0,3,0,0,0,0,0,0,0,0,0,0,0,0,0,7,3,0,0,0,0,0,20,0,-0.677,74.1288,122.6669,2.2961,233.504,-1.53464511
0,6,0,0,4,0,0,0,0,0,0,0,0,0,0,0,0,0,6,4,0,0,0,0,0,20,0,-0.676,75.62906667,123.0002,2.3138,79.24533332,-2.00137335
0,5,0,0,5,0,0,0,0,0,0,0,0,0,0,0,0,0,5,5,0,0,0,0,0,20,0,-0.675,77.12933334,123.3335,2.3315,75.01333335,-2.46950215
0,4,0,0,6,0,0,0,0,0,0,0,0,0,0,0,0,0,4,6,0,0,0,0,0,20,0,-0.674,78.6296,123.6668,2.3492,229.272,-2.93832887
0,3,0,0,7,0,0,0,0,0,0,0,0,0,0,0,0,0,3,7,0,0,0,0,0,20,0,-0.673,80.12986667,124.0001,2.3669,383.5306667,-3.40231935
0,2,0,0,8,0,0,0,0,0,0,0,0,0,0,0,0,0,2,8,0,0,0,0,0,20,0,-0.672,81.63013334,124.3334,2.3846,537.7893334,-3.85650998
0,1,0,0,9,0,0,0,0,0,0,0,0,0,0,0,0,0,1,9,0,0,0,0,0,20,0,-0.671,83.1304,124.6667,2.4023,692.048,-4.34660698
0,0,0,0,0,0,0,1,0,0,0,0,0,0,0,0,0,9,0,0,1,0,0,9,0,2,18,-0.3143,101.0282,136.833,2.0537,873.076,0.83994936
0,0,0,0,0,0,0,2,0,0,0,0,0,0,0,0,0,8,0,0,2,0,0,8,0,4,16,-0.4036,97.4254,135.333,2.0714,699.842,0.73100488
0,0,0,0,0,0,0,3,0,0,0,0,0,0,0,0,0,7,0,0,3,0,0,7,0,6,14,-0.4929,93.8226,133.833,2.0891,526.608,0.62025429
0,0,0,0,0,0,0,4,0,0,0,0,0,0,0,0,0,6,0,0,4,0,0,6,0,8,12,-0.5822,90.2198,132.333,2.1068,353.374,0.45187091
0,0,0,0,0,0,0,5,0,0,0,0,0,0,0,0,0,5,0,0,5,0,0,5,0,10,10,-0.6715,86.617,130.833,2.1245,180.14,0.31914947
0,0,0,0,0,0,0,6,0,0,0,0,0,0,0,0,0,4,0,0,6,0,0,4,0,12,8,-0.7608,83.0142,129.333,2.1422,6.906,0.19776358
0,0,0,0,0,0,0,7,0,0,0,0,0,0,0,0,0,3,0,0,7,0,0,3,0,14,6,-0.8501,79.4114,127.833,2.1599,166.328,0.01008202
0,0,0,0,0,0,0,8,0,0,0,0,0,0,0,0,0,2,0,0,8,0,0,2,0,16,4,-0.9394,75.8086,126.333,2.1776,339.562,-0.1251465
0,0,0,0,0,0,0,9,0,0,0,0,0,0,0,0,0,1,0,0,9,0,0,1,0,18,2,-1.0287,72.2058,124.833,2.1953,512.796,-0.04139973
0,0,0,0,0,0,0,0,0,0,0,9,0,1,0,0,0,0,0,0,0,9,1,0,0,2,18,-0.1972,138.4752667,137.4997,2.18333,1249.487334,-0.23987739
0,0,0,0,0,0,0,0,0,0,0,8,0,2,0,0,0,0,0,0,0,8,2,0,0,4,16,-0.2934,130.6038667,136.6664,2.17996,1035.508,-0.49296485
0,0,0,0,0,0,0,0,0,0,0,7,0,3,0,0,0,0,0,0,0,7,3,0,0,6,14,-0.3896,122.7324667,135.8331,2.17659,821.5286669,-0.61040569
0,0,0,0,0,0,0,0,0,0,0,6,0,4,0,0,0,0,0,0,0,6,4,0,0,8,12,-0.4858,114.8610667,134.9998,2.17322,607.5493335,-0.66789964
0,0,0,0,0,0,0,0,0,0,0,5,0,5,0,0,0,0,0,0,0,5,5,0,0,10,10,-0.582,106.9896667,134.1665,2.16985,393.5700001,-0.69247877
0,0,0,0,0,0,0,0,0,0,0,4,0,6,0,0,0,0,0,0,0,4,6,0,0,12,8,-0.6782,99.11826668,133.3332,2.16648,179.5906668,-0.72943809
0,0,0,0,0,0,0,0,0,0,0,3,0,7,0,0,0,0,0,0,0,3,7,0,0,14,6,-0.7744,91.24686668,132.4999,2.16311,34.38866659,-0.94513485
0,0,0,0,0,0,0,0,0,0,0,2,0,8,0,0,0,0,0,0,0,2,8,0,0,16,4,-0.8706,83.37546668,131.6666,2.15974,248.368,-1.31870269
0,0,0,0,0,0,0,0,0,0,0,1,0,9,0,0,0,0,0,0,0,1,9,0,0,18,2,-0.9668,75.50406667,130.8333,2.15637,462.3473333,-1.70959707
0,0,0,9,0,0,0,0,0,1,0,0,0,0,0,0,0,0,0,9,0,1,0,0,20,0,0,-1.0473,56.28633334,114.6667,2.4466,397.5566667,-0.01647743
0,0,0,7,0,0,0,0,0,3,0,0,0,0,0,0,0,0,0,7,0,3,0,0,20,0,0,-1.0379,62.14566667,114.0001,2.4598,125.5366667,-0.014434
0,0,0,6,0,0,0,0,0,4,0,0,0,0,0,0,0,0,0,6,0,4,0,0,20,0,0,-1.0332,65.07533333,113.6668,2.4664,10.4733333,-0.0145457
0,0,0,5,0,0,0,0,0,5,0,0,0,0,0,0,0,0,0,5,0,5,0,0,20,0,0,-1.0285,68.005,113.3335,2.473,146.4833333,-0.01460255
0,0,0,4,0,0,0,0,0,6,0,0,0,0,0,0,0,0,0,4,0,6,0,0,20,0,0,-1.0238,70.93466667,113.0002,2.4796,282.4933333,-0.01466163
0,0,0,3,0,0,0,0,0,7,0,0,0,0,0,0,0,0,0,3,0,7,0,0,20,0,0,-1.0191,73.86433333,112.6669,2.4862,418.5033333,-0.01467386
0,0,0,2,0,0,0,0,0,8,0,0,0,0,0,0,0,0,0,2,0,8,0,0,20,0,0,-1.0144,76.794,112.3336,2.4928,554.5133333,-0.01479048
0,0,0,1,0,0,0,0,0,9,0,0,0,0,0,0,0,0,0,1,0,9,0,0,20,0,0,-1.0097,79.72366666,112.0003,2.4994,690.5233333,-0.01665918
1,0,0,0,0,0,0,0,0,9,0,0,0,0,0,0,0,0,1,0,0,9,0,0,20,0,0,-1.0064,78.2234,111.667,2.4814,705.526,0.1132849
2,0,0,0,0,0,0,0,0,8,0,0,0,0,0,0,0,0,2,0,0,8,0,0,20,0,0,-1.0078,73.79346666,111.667,2.4568,584.5186666,0.09924631
3,0,0,0,0,0,0,0,0,7,0,0,0,0,0,0,0,0,3,0,0,7,0,0,20,0,0,-1.0092,69.36353333,111.667,2.4322,463.5113333,0.09926492
4,0,0,0,0,0,0,0,0,6,0,0,0,0,0,0,0,0,4,0,0,6,0,0,20,0,0,-1.0106,64.9336,111.667,2.4076,342.504,0.09778939
5,0,0,0,0,0,0,0,0,5,0,0,0,0,0,0,0,0,5,0,0,5,0,0,20,0,0,-1.012,60.50366667,111.667,2.383,221.4966667,0.09748482
6,0,0,0,0,0,0,0,0,4,0,0,0,0,0,0,0,0,6,0,0,4,0,0,20,0,0,-1.0134,56.07373333,111.667,2.3584,100.4893333,0.0981707
7,0,0,0,0,0,0,0,0,3,0,0,0,0,0,0,0,0,7,0,0,3,0,0,20,0,0,-1.0148,51.6438,111.667,2.3338,20.51800001,0.10177026
8,0,0,0,0,0,0,0,0,2,0,0,0,0,0,0,0,0,8,0,0,2,0,0,20,0,0,-1.0162,47.21386667,111.667,2.3092,141.5253333,0.09824135
9,0,0,0,0,0,0,0,0,1,0,0,0,0,0,0,0,0,9,0,0,1,0,0,20,0,0,-1.0176,42.78393333,111.667,2.2846,262.5326667,0.10616369
0,9,0,1,0,0,0,0,0,0,0,0,0,0,0,0,0,0,9,1,0,0,0,0,2,18,0,-0.7172,68.00086667,121.0003,2.2627,573.2953333,0.00318146
0,8,0,2,0,0,0,0,0,0,0,0,0,0,0,0,0,0,8,2,0,0,0,0,4,16,0,-0.7544,66.37373333,120.3336,2.2824,450.3106667,0.05050231
0,7,0,3,0,0,0,0,0,0,0,0,0,0,0,0,0,0,7,3,0,0,0,0,6,14,0,-0.7916,64.7466,119.6669,2.3021,327.326,0.11899949
0,6,0,4,0,0,0,0,0,0,0,0,0,0,0,0,0,0,6,4,0,0,0,0,8,12,0,-0.8288,63.11946667,119.0002,2.3218,204.3413333,0.1638632
0,5,0,5,0,0,0,0,0,0,0,0,0,0,0,0,0,0,5,5,0,0,0,0,10,10,0,-0.866,61.49233334,118.3335,2.3415,81.35666665,0.19589983
0,4,0,6,0,0,0,0,0,0,0,0,0,0,0,0,0,0,4,6,0,0,0,0,12,8,0,-0.9032,59.8652,117.6668,2.3612,41.62800002,0.21535833
0,3,0,7,0,0,0,0,0,0,0,0,0,0,0,0,0,0,3,7,0,0,0,0,14,6,0,-0.9404,58.23806667,117.0001,2.3809,164.6126667,0.22758537
0,2,0,8,0,0,0,0,0,0,0,0,0,0,0,0,0,0,2,8,0,0,0,0,16,4,0,-0.9776,56.61093334,116.3334,2.4006,287.5973334,0.20762915
0,1,0,9,0,0,0,0,0,0,0,0,0,0,0,0,0,0,1,9,0,0,0,0,18,2,0,-1.0148,54.9838,115.6667,2.4203,410.582,0.22761312
0,1,0,0,0,9,0,0,0,0,0,0,0,0,0,0,0,0,1,9,0,0,0,0,0,2,18,-0.3119,112.3078,139.667,2.1323,983.822,0.17222709
0,2,0,0,0,8,0,0,0,0,0,0,0,0,0,0,0,0,2,8,0,0,0,0,0,4,16,-0.3528,107.5656,137.667,2.1446,797.144,0.14403194
0,3,0,0,0,7,0,0,0,0,0,0,0,0,0,0,0,0,3,7,0,0,0,0,0,6,14,-0.3937,102.8234,135.667,2.1569,610.466,0.15717857
0,4,0,0,0,6,0,0,0,0,0,0,0,0,0,0,0,0,4,6,0,0,0,0,0,8,12,-0.4346,98.0812,133.667,2.1692,423.788,0.16143893
0,5,0,0,0,5,0,0,0,0,0,0,0,0,0,0,0,0,5,5,0,0,0,0,0,10,10,-0.4755,93.339,131.667,2.1815,237.11,0.1474256
0,6,0,0,0,4,0,0,0,0,0,0,0,0,0,0,0,0,6,4,0,0,0,0,0,12,8,-0.5164,88.5968,129.667,2.1938,50.432,0.11494171
0,7,0,0,0,3,0,0,0,0,0,0,0,0,0,0,0,0,7,3,0,0,0,0,0,14,6,-0.5573,83.8546,127.667,2.2061,136.246,0.05701539
0,8,0,0,0,2,0,0,0,0,0,0,0,0,0,0,0,0,8,2,0,0,0,0,0,16,4,-0.5982,79.1124,125.667,2.2184,322.924,-0.04278005
0,9,0,0,0,1,0,0,0,0,0,0,0,0,0,0,0,0,9,1,0,0,0,0,0,18,2,-0.6391,74.3702,123.667,2.2307,509.602,-0.08335321
0,0,0,0,0,0,0,9,0,0,0,0,0,0,0,1,0,0,0,0,9,0,0,1,2,18,0,-1.0499,65.83646667,122.1664,2.2273,576.4893333,-0.49441241
0,0,0,0,0,0,0,8,0,0,0,0,0,0,0,2,0,0,0,0,8,0,0,2,4,16,0,-0.9818,63.06993333,120.9998,2.2416,466.9486667,-0.83814953
0,0,0,0,0,0,0,7,0,0,0,0,0,0,0,3,0,0,0,0,7,0,0,3,6,14,0,-0.9137,60.3034,119.8332,2.2559,357.408,-0.73223785
0,0,0,0,0,0,0,6,0,0,0,0,0,0,0,4,0,0,0,0,6,0,0,4,8,12,0,-0.8456,57.53686667,118.6666,2.2702,247.8673333,-0.60614208
0,0,0,0,0,0,0,5,0,0,0,0,0,0,0,5,0,0,0,0,5,0,0,5,10,10,0,-0.7775,54.77033334,117.5,2.2845,138.3266667,-0.47496685
0,0,0,0,0,0,0,4,0,0,0,0,0,0,0,6,0,0,0,0,4,0,0,6,12,8,0,-0.7094,52.0038,116.3334,2.2988,28.78599998,-0.33957956
0,0,0,0,0,0,0,3,0,0,0,0,0,0,0,7,0,0,0,0,3,0,0,7,14,6,0,-0.6413,49.23726667,115.1668,2.3131,80.75466669,-0.19742235
0,0,0,0,0,0,0,2,0,0,0,0,0,0,0,8,0,0,0,0,2,0,0,8,16,4,0,-0.5732,46.47073334,114.0002,2.3274,190.2953334,-0.04098123
0,0,0,0,0,0,0,1,0,0,0,0,0,0,0,9,0,0,0,0,1,0,0,9,18,2,0,-0.5051,43.7042,112.8336,2.3417,299.836,0.18395415
0,0,0,0,0,0,0,9,0,0,1,0,0,0,0,0,0,0,0,0,9,1,0,0,0,20,0,-1.0615,73.13543333,123.1664,2.24037,503.4996667,0.12896121
0,0,0,0,0,0,0,8,0,0,2,0,0,0,0,0,0,0,0,0,8,2,0,0,0,20,0,-1.005,77.66786666,122.9998,2.26774,320.9693334,0.02634984
0,0,0,0,0,0,0,7,0,0,3,0,0,0,0,0,0,0,0,0,7,3,0,0,0,20,0,-0.9485,82.20029999,122.8332,2.29511,138.4390001,0.14283897
0,0,0,0,0,0,0,6,0,0,4,0,0,0,0,0,0,0,0,0,6,4,0,0,0,20,0,-0.892,86.73273332,122.6666,2.32248,44.0913332,0.15877578
0,0,0,0,0,0,0,5,0,0,5,0,0,0,0,0,0,0,0,0,5,5,0,0,0,20,0,-0.8355,91.26516665,122.5,2.34985,226.6216665,0.1632295
0,0,0,0,0,0,0,4,0,0,6,0,0,0,0,0,0,0,0,0,4,6,0,0,0,20,0,-0.779,95.79759998,122.3334,2.37722,409.1519998,0.1521532
0,0,0,0,0,0,0,3,0,0,7,0,0,0,0,0,0,0,0,0,3,7,0,0,0,20,0,-0.7225,100.3300333,122.1668,2.40459,591.6823331,0.13434587
0,0,0,0,0,0,0,2,0,0,8,0,0,0,0,0,0,0,0,0,2,8,0,0,0,20,0,-0.666,104.8624666,122.0002,2.43196,774.2126664,0.10106591
0,0,0,0,0,0,0,1,0,0,9,0,0,0,0,0,0,0,0,0,1,9,0,0,0,20,0,-0.6095,109.3949,121.8336,2.45933,956.7429997,0.03207657
0,0,0,0,1,0,9,0,0,0,0,0,0,0,0,0,0,0,0,1,9,0,0,0,18,2,0,-1.3837,42.05916667,114.4997,2.2517,251.3303333,-0.23377636
0,0,0,0,2,0,8,0,0,0,0,0,0,0,0,0,0,0,0,2,8,0,0,0,16,4,0,-1.3044,46.78933333,115.6664,2.2704,129.3706667,-0.83623648
0,0,0,0,3,0,7,0,0,0,0,0,0,0,0,0,0,0,0,3,7,0,0,0,14,6,0,-1.2251,51.5195,116.8331,2.2891,7.41099999,-1.29055545
0,0,0,0,4,0,6,0,0,0,0,0,0,0,0,0,0,0,0,4,6,0,0,0,12,8,0,-1.1458,56.24966667,117.9998,2.3078,114.5486667,-1.78827231
0,0,0,0,5,0,5,0,0,0,0,0,0,0,0,0,0,0,0,5,5,0,0,0,10,10,0,-1.0665,60.97983333,119.1665,2.3265,236.5083333,-2.28570498
0,0,0,0,6,0,4,0,0,0,0,0,0,0,0,0,0,0,0,6,4,0,0,0,8,12,0,-0.9872,65.71,120.3332,2.3452,358.468,-2.78050726
0,0,0,0,7,0,3,0,0,0,0,0,0,0,0,0,0,0,0,7,3,0,0,0,6,14,0,-0.9079,70.44016667,121.4999,2.3639,480.4276667,-3.27804142
0,0,0,0,8,0,2,0,0,0,0,0,0,0,0,0,0,0,0,8,2,0,0,0,4,16,0,-0.8286,75.17033334,122.6666,2.3826,602.3873334,-3.77688658
0,0,0,0,9,0,1,0,0,0,0,0,0,0,0,0,0,0,0,9,1,0,0,0,2,18,0,-0.7493,79.9005,123.8333,2.4013,724.347,-4.29557825
0,0,0,0,0,0,0,0,0,0,0,9,0,0,0,1,0,0,0,0,0,9,0,1,2,0,18,-0.1346,135.8057667,135.6664,2.20363,1276.182334,-0.205596
0,0,0,0,0,0,0,0,0,0,0,8,0,0,0,2,0,0,0,0,0,8,0,2,4,0,16,-0.1682,125.2648667,132.9998,2.22056,1088.898,-0.16597273
0,0,0,0,0,0,0,0,0,0,0,7,0,0,0,3,0,0,0,0,0,7,0,3,6,0,14,-0.2018,114.7239667,130.3332,2.23749,901.6136669,-0.02794739
0,0,0,0,0,0,0,0,0,0,0,6,0,0,0,4,0,0,0,0,0,6,0,4,8,0,12,-0.2354,104.1830667,127.6666,2.25442,714.3293335,0.09831402
0,0,0,0,0,0,0,0,0,0,0,5,0,0,0,5,0,0,0,0,0,5,0,5,10,0,10,-0.269,93.64216669,125,2.27135,527.0450002,0.21739591
0,0,0,0,0,0,0,0,0,0,0,4,0,0,0,6,0,0,0,0,0,4,0,6,12,0,8,-0.3026,83.10126668,122.3334,2.28828,339.7606668,0.31391111
0,0,0,0,0,0,0,0,0,0,0,3,0,0,0,7,0,0,0,0,0,3,0,7,14,0,6,-0.3362,72.56036668,119.6668,2.30521,152.4763334,0.42229229
0,0,0,0,0,0,0,0,0,0,0,2,0,0,0,8,0,0,0,0,0,2,0,8,16,0,4,-0.3698,62.01946668,117.0002,2.32214,34.80799996,0.43490598
0,0,0,0,0,0,0,0,0,0,0,1,0,0,0,9,0,0,0,0,0,1,0,9,18,0,2,-0.4034,51.47856667,114.3336,2.33907,222.0923333,0.74050371
0,1,0,0,0,0,0,0,0,0,0,0,0,0,0,0,9,0,1,0,0,0,0,9,0,20,0,-0.2858,71.9533,121.667,2.3267,580.277,0.48213302
0,2,0,0,0,0,0,0,0,0,0,0,0,0,0,0,8,0,2,0,0,0,0,8,0,20,0,-0.3296,71.69493334,121.667,2.3174,438.4373334,0.38232103
0,3,0,0,0,0,0,0,0,0,0,0,0,0,0,0,7,0,3,0,0,0,0,7,0,20,0,-0.3734,71.43656667,121.667,2.3081,296.5976667,0.28947808
0,4,0,0,0,0,0,0,0,0,0,0,0,0,0,0,6,0,4,0,0,0,0,6,0,20,0,-0.4172,71.1782,121.667,2.2988,154.758,0.18043219
0,5,0,0,0,0,0,0,0,0,0,0,0,0,0,0,5,0,5,0,0,0,0,5,0,20,0,-0.461,70.91983333,121.667,2.2895,12.91833335,0.09649642
0,6,0,0,0,0,0,0,0,0,0,0,0,0,0,0,4,0,6,0,0,0,0,4,0,20,0,-0.5048,70.66146667,121.667,2.2802,128.9213333,-0.04936958
0,8,0,0,0,0,0,0,0,0,0,0,0,0,0,0,2,0,8,0,0,0,0,2,0,20,0,-0.5924,70.14473333,121.667,2.2616,412.6006667,-0.30811771
0,9,0,0,0,0,0,0,0,0,0,0,0,0,0,0,1,0,9,0,0,0,0,1,0,20,0,-0.6362,69.88636667,121.667,2.2523,554.4403333,-0.11358053
0,1,0,0,0,0,9,0,0,0,0,0,0,0,0,0,0,0,1,0,9,0,0,0,18,2,0,-1.3847,40.5589,114.1664,2.234,266.333,0.04517478
0,2,0,0,0,0,8,0,0,0,0,0,0,0,0,0,0,0,2,0,8,0,0,0,16,4,0,-1.3064,43.7888,114.9998,2.235,159.376,-0.00913261
0,3,0,0,0,0,7,0,0,0,0,0,0,0,0,0,0,0,3,0,7,0,0,0,14,6,0,-1.2281,47.0187,115.8332,2.236,52.419,-0.03439362
0,4,0,0,0,0,6,0,0,0,0,0,0,0,0,0,0,0,4,0,6,0,0,0,12,8,0,-1.1498,50.2486,116.6666,2.237,54.538,-0.06427951
0,5,0,0,0,0,5,0,0,0,0,0,0,0,0,0,0,0,5,0,5,0,0,0,10,10,0,-1.0715,53.4785,117.5,2.238,161.495,-0.09400788
0,6,0,0,0,0,4,0,0,0,0,0,0,0,0,0,0,0,6,0,4,0,0,0,8,12,0,-0.9932,56.7084,118.3334,2.239,268.452,-0.12251226
0,7,0,0,0,0,3,0,0,0,0,0,0,0,0,0,0,0,7,0,3,0,0,0,6,14,0,-0.9149,59.9383,119.1668,2.24,375.409,-0.1523116
0,8,0,0,0,0,2,0,0,0,0,0,0,0,0,0,0,0,8,0,2,0,0,0,4,16,0,-0.8366,63.1682,120.0002,2.241,482.366,-0.18106722
0,9,0,0,0,0,1,0,0,0,0,0,0,0,0,0,0,0,9,0,1,0,0,0,2,18,0,-0.7583,66.3981,120.8336,2.242,589.323,-0.22262589
0,0,0,0,0,0,5,5,0,0,0,0,0,0,0,0,0,0,0,0,10,0,0,0,10,10,0,-1.2905,52.966,118.333,2.223,156.37,-0.06110521
0,0,0,0,0,0,6,4,0,0,0,0,0,0,0,0,0,0,0,0,10,0,0,0,12,8,0,-1.325,49.8386,117.333,2.225,50.438,-0.03615308
0,0,0,0,0,0,7,3,0,0,0,0,0,0,0,0,0,0,0,0,10,0,0,0,14,6,0,-1.3595,46.7112,116.333,2.227,55.494,-0.01975596
0,0,0,0,0,0,8,2,0,0,0,0,0,0,0,0,0,0,0,0,10,0,0,0,16,4,0,-1.394,43.5838,115.333,2.229,161.426,-0.01256029
0,0,0,0,0,0,9,1,0,0,0,0,0,0,0,0,0,0,0,0,10,0,0,0,18,2,0,-1.4285,40.4564,114.333,2.231,267.358,-0.01192943
0,0,0,0,0,0,1,9,0,0,0,0,0,0,0,0,0,0,0,0,10,0,0,0,2,18,0,-1.1525,65.4756,122.333,2.215,580.098,-0.24599355
0,0,0,0,0,0,2,8,0,0,0,0,0,0,0,0,0,0,0,0,10,0,0,0,4,16,0,-1.187,62.3482,121.333,2.217,474.166,-0.18839611
0,0,0,0,0,0,3,7,0,0,0,0,0,0,0,0,0,0,0,0,10,0,0,0,6,14,0,-1.2215,59.2208,120.333,2.219,368.234,-0.13750633
0,0,0,0,0,0,4,6,0,0,0,0,0,0,0,0,0,0,0,0,10,0,0,0,8,12,0,-1.256,56.0934,119.333,2.221,262.302,-0.09509365
0,0,0,0,0,0,9,0,0,0,1,0,0,0,0,0,0,0,0,0,9,1,0,0,18,2,0,-1.372,44.98883333,114.1664,2.25837,222.0336667,0.11663419
0,0,0,0,0,0,8,0,0,0,2,0,0,0,0,0,0,0,0,0,8,2,0,0,16,4,0,-1.281,52.64866666,114.9998,2.28374,70.7773334,-0.06203338
0,0,0,0,0,0,7,0,0,0,3,0,0,0,0,0,0,0,0,0,7,3,0,0,14,6,0,-1.19,60.30849999,115.8332,2.30911,80.4789999,-0.01423869
0,0,0,0,0,0,6,0,0,0,4,0,0,0,0,0,0,0,0,0,6,4,0,0,12,8,0,-1.099,67.96833332,116.6666,2.33448,231.7353332,-0.04924938
0,0,0,0,0,0,5,0,0,0,5,0,0,0,0,0,0,0,0,0,5,5,0,0,10,10,0,-1.008,75.62816665,117.5,2.35985,382.9916665,-0.07784382
0,0,0,0,0,0,4,0,0,0,6,0,0,0,0,0,0,0,0,0,4,6,0,0,8,12,0,-0.917,83.28799998,118.3334,2.38522,534.2479998,-0.10509417
0,0,0,0,0,0,3,0,0,0,7,0,0,0,0,0,0,0,0,0,3,7,0,0,6,14,0,-0.826,90.94783331,119.1668,2.41059,685.5043331,-0.13143645
0,0,0,0,0,0,2,0,0,0,8,0,0,0,0,0,0,0,0,0,2,8,0,0,4,16,0,-0.735,98.60766664,120.0002,2.43596,836.7606664,-0.16414401
0,0,0,0,0,0,1,0,0,0,9,0,0,0,0,0,0,0,0,0,1,9,0,0,2,18,0,-0.644,106.2675,120.8336,2.46133,988.0169997,-0.21990546
0,0,0,2,0,0,0,0,0,0,0,0,0,0,0,8,0,0,0,2,0,0,0,8,20,0,0,-0.56,43.42146667,112.3336,2.3728,220.788,1.71094072
0,0,0,3,0,0,0,0,0,0,0,0,0,0,0,7,0,0,0,3,0,0,0,7,20,0,0,-0.6215,44.66336667,112.6669,2.3812,126.4936667,1.68230049
0,0,0,4,0,0,0,0,0,0,0,0,0,0,0,6,0,0,0,4,0,0,0,6,20,0,0,-0.683,45.90526667,113.0002,2.3896,32.19933334,1.61749782
0,0,0,5,0,0,0,0,0,0,0,0,0,0,0,5,0,0,0,5,0,0,0,5,20,0,0,-0.7445,47.14716667,113.3335,2.398,62.095,1.66839704
0,0,0,6,0,0,0,0,0,0,0,0,0,0,0,4,0,0,0,6,0,0,0,4,20,0,0,-0.806,48.38906667,113.6668,2.4064,156.3893333,1.44011015
0,0,0,7,0,0,0,0,0,0,0,0,0,0,0,3,0,0,0,7,0,0,0,3,20,0,0,-0.8675,49.63096667,114.0001,2.4148,250.6836667,1.24773394
0,0,0,8,0,0,0,0,0,0,0,0,0,0,0,2,0,0,0,8,0,0,0,2,20,0,0,-0.929,50.87286667,114.3334,2.4232,344.978,0.77234543
0,0,0,9,0,0,0,0,0,0,0,0,0,0,0,1,0,0,0,9,0,0,0,1,20,0,0,-0.9905,52.11476667,114.6667,2.4316,439.2723334,1.3814201
0,0,0,0,0,0,0,0,0,1,0,0,0,0,0,9,0,0,0,0,0,1,0,9,20,0,0,-0.4938,45.10923334,111.667,2.371,285.7856667,1.59864872
0,0,0,0,0,0,0,0,0,2,0,0,0,0,0,8,0,0,0,0,0,2,0,8,20,0,0,-0.5506,49.2808,111.667,2.386,162.1946667,1.76681091
0,0,0,0,1,0,0,0,0,0,0,0,0,0,0,9,0,0,0,1,0,0,0,9,18,2,0,-0.4603,45.30696667,113.0003,2.3624,283.8083334,0.80371303
0,0,0,0,2,0,0,0,0,0,0,0,0,0,0,8,0,0,0,2,0,0,0,8,16,4,0,-0.4836,49.67626667,114.3336,2.3688,158.24,0.26673354
0,0,0,0,3,0,0,0,0,0,0,0,0,0,0,7,0,0,0,3,0,0,0,7,14,6,0,-0.5069,54.04556667,115.6669,2.3752,32.67166668,-0.2958764
0,0,0,0,4,0,0,0,0,0,0,0,0,0,0,6,0,0,0,4,0,0,0,6,12,8,0,-0.5302,58.41486667,117.0002,2.3816,92.89666666,-0.90551493
0,0,0,0,5,0,0,0,0,0,0,0,0,0,0,5,0,0,0,5,0,0,0,5,10,10,0,-0.5535,62.78416667,118.3335,2.388,218.465,-1.5357777
0,0,0,0,6,0,0,0,0,0,0,0,0,0,0,4,0,0,0,6,0,0,0,4,8,12,0,-0.5768,67.15346667,119.6668,2.3944,344.0333333,-2.17891544
0,0,0,0,7,0,0,0,0,0,0,0,0,0,0,3,0,0,0,7,0,0,0,3,6,14,0,-0.6001,71.52276667,121.0001,2.4008,469.6016667,-2.5686355
0,0,0,0,8,0,0,0,0,0,0,0,0,0,0,2,0,0,0,8,0,0,0,2,4,16,0,-0.6234,75.89206667,122.3334,2.4072,595.17,-3.48939617
0,0,0,0,9,0,0,0,0,0,0,0,0,0,0,1,0,0,0,9,0,0,0,1,2,18,0,-0.6467,80.26136667,123.6667,2.4136,720.7383334,-3.75264464
0,0,0,0,0,0,1,0,0,0,0,0,0,0,0,0,9,0,0,0,1,0,0,9,2,18,0,-0.3641,68.7234,120.8336,2.3257,612.576,0.29088809
0,0,0,0,0,0,2,0,0,0,0,0,0,0,0,0,8,0,0,0,2,0,0,8,4,16,0,-0.4862,65.23513334,120.0002,2.3154,503.0353334,0.15925784
0,0,0,0,0,0,3,0,0,0,0,0,0,0,0,0,7,0,0,0,3,0,0,7,6,14,0,-0.6083,61.74686667,119.1668,2.3051,393.4946667,0.0633105
0,0,0,0,0,0,4,0,0,0,0,0,0,0,0,0,6,0,0,0,4,0,0,6,8,12,0,-0.7304,58.2586,118.3334,2.2948,283.954,-0.01286902
0,0,0,0,0,0,5,0,0,0,0,0,0,0,0,0,5,0,0,0,5,0,0,5,10,10,0,-0.8525,54.77033334,117.5,2.2845,174.4133334,-0.08938981
0,0,0,0,0,0,6,0,0,0,0,0,0,0,0,0,4,0,0,0,6,0,0,4,12,8,0,-0.9746,51.28206667,116.6666,2.2742,64.87266668,-0.18229331
0,0,0,0,0,0,7,0,0,0,0,0,0,0,0,0,3,0,0,0,7,0,0,3,14,6,0,-1.0967,47.7938,115.8332,2.2639,44.66799999,-0.28846846
0,0,0,0,0,0,8,0,0,0,0,0,0,0,0,0,2,0,0,0,8,0,0,2,16,4,0,-1.2188,44.30553333,114.9998,2.2536,154.2086667,-0.37742245
0,0,0,0,0,0,9,0,0,0,0,0,0,0,0,0,1,0,0,0,9,0,0,1,18,2,0,-1.3409,40.81726667,114.1664,2.2433,263.7493333,-0.03544542
0,0,0,0,9,0,0,0,0,0,1,0,0,0,0,0,0,0,0,9,0,1,0,0,0,20,0,-0.6583,87.56033333,124.6667,2.42667,647.7486667,-4.52273486
0,0,0,0,8,0,0,0,0,0,2,0,0,0,0,0,0,0,0,8,0,2,0,0,0,20,0,-0.6466,90.49,124.3334,2.43334,449.1906668,-4.05331389
0,0,0,0,7,0,0,0,0,0,3,0,0,0,0,0,0,0,0,7,0,3,0,0,0,20,0,-0.6349,93.41966666,124.0001,2.44001,250.6326668,-3.58583851
0,0,0,0,6,0,0,0,0,0,4,0,0,0,0,0,0,0,0,6,0,4,0,0,0,20,0,-0.6232,96.34933332,123.6668,2.44668,52.07466682,-3.11826609
0,0,0,0,5,0,0,0,0,0,5,0,0,0,0,0,0,0,0,5,0,5,0,0,0,20,0,-0.6115,99.27899999,123.3335,2.45335,146.4833332,-2.6508294
0,0,0,0,4,0,0,0,0,0,6,0,0,0,0,0,0,0,0,4,0,6,0,0,0,20,0,-0.5998,102.2086666,123.0002,2.46002,345.0413331,-2.18355739
0,0,0,0,3,0,0,0,0,0,7,0,0,0,0,0,0,0,0,3,0,7,0,0,0,20,0,-0.5881,105.1383333,122.6669,2.46669,543.5993331,-1.71610665
0,0,0,0,2,0,0,0,0,0,8,0,0,0,0,0,0,0,0,2,0,8,0,0,0,20,0,-0.5764,108.068,122.3336,2.47336,742.1573331,-1.24876058
0,0,0,0,1,0,0,0,0,0,9,0,0,0,0,0,0,0,0,1,0,9,0,0,0,20,0,-0.5647,110.9976666,122.0003,2.48003,940.715333,-0.78313007
0,0,0,0,0,0,0,0,0,0,0,0,0,1,0,0,0,9,0,0,0,0,1,9,0,2,18,-0.3088,100.9311667,137.4997,2.0477,874.0463333,0.17407581
0,0,0,0,0,0,0,0,0,0,0,0,0,2,0,0,0,8,0,0,0,0,2,8,0,4,16,-0.3926,97.23133333,136.6664,2.0594,701.7826667,-0.29057858
0,0,0,0,0,0,0,0,0,0,0,0,0,3,0,0,0,7,0,0,0,0,3,7,0,6,14,-0.4764,93.5315,135.8331,2.0711,529.519,-1.28404624
0,0,0,0,0,0,0,0,0,0,0,0,0,4,0,0,0,6,0,0,0,0,4,6,0,8,12,-0.5602,89.83166667,134.9998,2.0828,357.2553333,-1.55418725
0,0,0,0,0,0,0,0,0,0,0,0,0,5,0,0,0,5,0,0,0,0,5,5,0,10,10,-0.644,86.13183333,134.1665,2.0945,184.9916666,-2.75126959
0,0,0,0,0,0,0,0,0,0,0,0,0,6,0,0,0,4,0,0,0,0,6,4,0,12,8,-0.7278,82.432,133.3332,2.1062,12.72799998,-1.70292462
0,0,0,0,0,0,0,0,0,0,0,0,0,7,0,0,0,3,0,0,0,0,7,3,0,14,6,-0.8116,78.73216667,132.4999,2.1179,159.5356667,-1.04806737
0,0,0,0,0,0,0,0,0,0,0,0,0,8,0,0,0,2,0,0,0,0,8,2,0,16,4,-0.8954,75.03233334,131.6666,2.1296,331.7993334,-1.42401755
0,0,0,0,0,0,0,0,0,0,0,0,0,9,0,0,0,1,0,0,0,0,9,1,0,18,2,-0.9792,71.3325,130.8333,2.1413,504.063,-2.34533574
0,0,0,0,0,9,0,1,0,0,0,0,0,0,0,0,0,0,0,9,1,0,0,0,0,2,18,-0.3557,112.2053,139.8336,2.1293,984.847,0.13198481
0,0,0,0,0,8,0,2,0,0,0,0,0,0,0,0,0,0,0,8,2,0,0,0,0,4,16,-0.4404,107.3606,138.0002,2.1386,799.194,0.10386232
0,0,0,0,0,7,0,3,0,0,0,0,0,0,0,0,0,0,0,7,3,0,0,0,0,6,14,-0.5251,102.5159,136.1668,2.1479,613.541,0.06987127
0,0,0,0,0,6,0,4,0,0,0,0,0,0,0,0,0,0,0,6,4,0,0,0,0,8,12,-0.6098,97.6712,134.3334,2.1572,427.888,0.04023341
0,0,0,0,0,5,0,5,0,0,0,0,0,0,0,0,0,0,0,5,5,0,0,0,0,10,10,-0.6945,92.8265,132.5,2.1665,242.235,0.00996606
0,0,0,0,0,4,0,6,0,0,0,0,0,0,0,0,0,0,0,4,6,0,0,0,0,12,8,-0.7792,87.9818,130.6666,2.1758,56.582,-0.02075173
0,0,0,0,0,3,0,7,0,0,0,0,0,0,0,0,0,0,0,3,7,0,0,0,0,14,6,-0.8639,83.1371,128.8332,2.1851,129.071,-0.05097283
0,0,0,0,0,2,0,8,0,0,0,0,0,0,0,0,0,0,0,2,8,0,0,0,0,16,4,-0.9486,78.2924,126.9998,2.1944,314.724,-0.14383264
0,0,0,0,0,1,0,9,0,0,0,0,0,0,0,0,0,0,0,1,9,0,0,0,0,18,2,-1.0333,73.4477,125.1664,2.2037,500.377,-0.01190026
0,9,0,0,0,0,0,0,0,1,0,0,0,0,0,0,0,0,9,0,0,1,0,0,2,18,0,-0.7125,70.93053333,120.667,2.2693,543.9986667,0.08338349
0,8,0,0,0,0,0,0,0,2,0,0,0,0,0,0,0,0,8,0,0,2,0,0,4,16,0,-0.745,72.23306667,119.667,2.2956,391.7173333,0.14900875
0,7,0,0,0,0,0,0,0,3,0,0,0,0,0,0,0,0,7,0,0,3,0,0,6,14,0,-0.7775,73.5356,118.667,2.3219,239.436,0.22041061
0,6,0,0,0,0,0,0,0,4,0,0,0,0,0,0,0,0,6,0,0,4,0,0,8,12,0,-0.81,74.83813333,117.667,2.3482,87.15466668,0.26503361
0,5,0,0,0,0,0,0,0,5,0,0,0,0,0,0,0,0,5,0,0,5,0,0,10,10,0,-0.8425,76.14066667,116.667,2.3745,65.12666665,0.2958584
0,4,0,0,0,0,0,0,0,6,0,0,0,0,0,0,0,0,4,0,0,6,0,0,12,8,0,-0.875,77.4432,115.667,2.4008,217.408,0.31221652
0,3,0,0,0,0,0,0,0,7,0,0,0,0,0,0,0,0,3,0,0,7,0,0,14,6,0,-0.9075,78.74573333,114.667,2.4271,369.6893333,0.3236745
0,2,0,0,0,0,0,0,0,8,0,0,0,0,0,0,0,0,2,0,0,8,0,0,16,4,0,-0.94,80.04826666,113.667,2.4534,521.9706666,0.31741081
0,1,0,0,0,0,0,0,0,9,0,0,0,0,0,0,0,0,1,0,0,9,0,0,18,2,0,-0.9725,81.3508,112.667,2.4797,674.252,0.29957968
0,0,0,0,0,0,0,0,0,0,0,0,0,5,5,0,0,0,0,0,0,0,10,0,0,10,10,-1.043,83.84233334,138.3335,2.003,162.0966667,-3.1787731
0,0,0,0,0,0,0,0,0,0,0,0,0,6,4,0,0,0,0,0,0,0,10,0,0,12,8,-1.047,80.6004,136.6668,2.033,5.58800002,-3.31502336
0,0,0,0,0,0,0,0,0,0,0,0,0,7,3,0,0,0,0,0,0,0,10,0,0,14,6,-1.051,77.35846667,135.0001,2.063,173.2726667,-2.57282583
0,0,0,0,0,0,0,0,0,0,0,0,0,8,2,0,0,0,0,0,0,0,10,0,0,16,4,-1.055,74.11653334,133.3334,2.093,340.9573334,-5.45836288
0,0,0,0,0,0,0,0,0,0,0,0,0,9,1,0,0,0,0,0,0,0,10,0,0,18,2,-1.059,70.8746,131.6667,2.123,508.642,-5.06373396
0,0,0,0,0,0,0,0,0,0,0,0,0,1,9,0,0,0,0,0,0,0,10,0,0,2,18,-1.027,96.81006667,145.0003,1.883,832.8353333,-2.72668291
0,0,0,0,0,0,0,0,0,0,0,0,0,2,8,0,0,0,0,0,0,0,10,0,0,4,16,-1.031,93.56813333,143.3336,1.913,665.1506667,-2.73471134
0,0,0,0,0,0,0,0,0,0,0,0,0,3,7,0,0,0,0,0,0,0,10,0,0,6,14,-1.035,90.3262,141.6669,1.943,497.466,-2.25093387
0,0,0,0,0,0,0,0,0,0,0,0,0,4,6,0,0,0,0,0,0,0,10,0,0,8,12,-1.039,87.08426667,140.0002,1.973,329.7813333,-2.41501672
0,0,0,5,5,0,0,0,0,0,0,0,0,0,0,0,0,0,0,10,0,0,0,0,10,10,0,-0.861,68.99366667,120,2.43,156.37,-2.38660726
0,0,0,6,4,0,0,0,0,0,0,0,0,0,0,0,0,0,0,10,0,0,0,0,12,8,0,-0.8992,65.86626667,119,2.432,18.38266666,-1.89371962
0,0,0,7,3,0,0,0,0,0,0,0,0,0,0,0,0,0,0,10,0,0,0,0,14,6,0,-0.9374,62.73886667,118,2.434,119.6046667,-1.41194349
0,0,0,8,2,0,0,0,0,0,0,0,0,0,0,0,0,0,0,10,0,0,0,0,16,4,0,-0.9756,59.61146667,117,2.436,257.592,-0.94116574
0,0,0,9,1,0,0,0,0,0,0,0,0,0,0,0,0,0,0,10,0,0,0,0,18,2,0,-1.0138,56.48406667,116,2.438,395.5793334,-0.48088498
0,0,0,1,9,0,0,0,0,0,0,0,0,0,0,0,0,0,0,10,0,0,0,0,2,18,0,-0.7082,81.50326667,124,2.422,708.3193334,-4.46285134
0,0,0,2,8,0,0,0,0,0,0,0,0,0,0,0,0,0,0,10,0,0,0,0,4,16,0,-0.7464,78.37586667,123,2.424,570.332,-3.929708
0,0,0,3,7,0,0,0,0,0,0,0,0,0,0,0,0,0,0,10,0,0,0,0,6,14,0,-0.7846,75.24846667,122,2.426,432.3446667,-3.40471187
0,0,0,4,6,0,0,0,0,0,0,0,0,0,0,0,0,0,0,10,0,0,0,0,8,12,0,-0.8228,72.12106667,121,2.428,294.3573333,-2.89024467
0,0,0,0,0,0,9,0,0,1,0,0,0,0,0,0,0,0,0,0,9,1,0,0,20,0,0,-1.4172,41.86143333,113.1664,2.2603,253.3076667,0.44579177
0,0,0,0,0,0,8,0,0,2,0,0,0,0,0,0,0,0,0,0,8,2,0,0,20,0,0,-1.3714,46.39386667,112.9998,2.2876,133.3253333,0.38273771
0,0,0,0,0,0,7,0,0,3,0,0,0,0,0,0,0,0,0,0,7,3,0,0,20,0,0,-1.3256,50.9263,112.8332,2.3149,13.34300001,0.48366244
0,0,0,0,0,0,6,0,0,4,0,0,0,0,0,0,0,0,0,0,6,4,0,0,20,0,0,-1.2798,55.45873333,112.6666,2.3422,106.6393333,0.50106303
0,0,0,0,0,0,5,0,0,5,0,0,0,0,0,0,0,0,0,0,5,5,0,0,20,0,0,-1.234,59.99116666,112.5,2.3695,226.6216666,0.50704408
0,0,0,0,0,0,4,0,0,6,0,0,0,0,0,0,0,0,0,0,4,6,0,0,20,0,0,-1.1882,64.5236,112.3334,2.3968,346.604,0.49666883
0,0,0,0,0,0,3,0,0,7,0,0,0,0,0,0,0,0,0,0,3,7,0,0,20,0,0,-1.1424,69.05603333,112.1668,2.4241,466.5863333,0.47900696
0,0,0,0,0,0,2,0,0,8,0,0,0,0,0,0,0,0,0,0,2,8,0,0,20,0,0,-1.0966,73.58846666,112.0002,2.4514,586.5686666,0.43804026
0,0,0,0,0,0,1,0,0,9,0,0,0,0,0,0,0,0,0,0,1,9,0,0,20,0,0,-1.0508,78.1209,111.8336,2.4787,706.551,0.35871233
0,0,9,0,0,0,1,0,0,0,0,0,0,0,0,0,0,0,9,0,1,0,0,0,2,0,18,-0.4271,95.57549997,135.833,1.972,881.0969997,0.02277248
0,0,8,0,0,0,2,0,0,0,0,0,0,0,0,0,0,0,8,0,2,0,0,0,4,0,16,-0.5422,89.10366664,133.333,2.001,741.7206664,0.1105029
0,0,7,0,0,0,3,0,0,0,0,0,0,0,0,0,0,0,7,0,3,0,0,0,6,0,14,-0.6573,82.63183331,130.833,2.03,602.3443331,0.15401902
0,0,6,0,0,0,4,0,0,0,0,0,0,0,0,0,0,0,6,0,4,0,0,0,8,0,12,-0.7724,76.15999998,128.333,2.059,462.9679998,0.16004851
0,0,5,0,0,0,5,0,0,0,0,0,0,0,0,0,0,0,5,0,5,0,0,0,10,0,10,-0.8875,69.68816665,125.833,2.088,323.5916665,0.21716205
0,0,4,0,0,0,6,0,0,0,0,0,0,0,0,0,0,0,4,0,6,0,0,0,12,0,8,-1.0026,63.21633332,123.333,2.117,184.2153332,0.1104766
0,0,3,0,0,0,7,0,0,0,0,0,0,0,0,0,0,0,3,0,7,0,0,0,14,0,6,-1.1177,56.74449999,120.833,2.146,44.8389999,0.05877078
0,0,2,0,0,0,8,0,0,0,0,0,0,0,0,0,0,0,2,0,8,0,0,0,16,0,4,-1.2328,50.27266666,118.333,2.175,94.5373334,0.00225607
0,0,1,0,0,0,9,0,0,0,0,0,0,0,0,0,0,0,1,0,9,0,0,0,18,0,2,-1.3479,43.80083333,115.833,2.204,233.9136667,-0.02248373
0,0,0,0,0,0,1,0,0,0,0,0,0,9,0,0,0,0,0,0,1,0,9,0,2,18,0,-1.103,64.6023,128.3333,2.161,571.365,-2.14251781
0,0,0,0,0,0,2,0,0,0,0,0,0,8,0,0,0,0,0,0,2,0,8,0,4,16,0,-1.143,61.57193334,126.6666,2.169,466.4033334,-1.78372358
0,0,0,0,0,0,3,0,0,0,0,0,0,7,0,0,0,0,0,0,3,0,7,0,6,14,0,-1.183,58.54156667,124.9999,2.177,361.4416667,-3.22647543
0,0,0,0,0,0,4,0,0,0,0,0,0,6,0,0,0,0,0,0,4,0,6,0,8,12,0,-1.223,55.5112,123.3332,2.185,256.48,-1.18181623
0,0,0,0,0,0,5,0,0,0,0,0,0,5,0,0,0,0,0,0,5,0,5,0,10,10,0,-1.263,52.48083334,121.6665,2.193,151.5183334,-0.92882031
0,0,0,0,0,0,6,0,0,0,0,0,0,4,0,0,0,0,0,0,6,0,4,0,12,8,0,-1.303,49.45046667,119.9998,2.201,46.55666668,-0.70069384
0,0,0,0,0,0,7,0,0,0,0,0,0,3,0,0,0,0,0,0,7,0,3,0,14,6,0,-1.343,46.4201,118.3331,2.209,58.40499999,-0.48635456
0,0,0,0,0,0,8,0,0,0,0,0,0,2,0,0,0,0,0,0,8,0,2,0,16,4,0,-1.383,43.38973333,116.6664,2.217,163.3666667,-0.32416511
0,0,0,0,0,0,9,0,0,0,0,0,0,1,0,0,0,0,0,0,9,0,1,0,18,2,0,-1.423,40.35936667,114.9997,2.225,268.3283333,-0.156968
0,0,9,0,0,0,0,0,0,0,0,0,0,1,0,0,0,0,9,0,0,0,1,0,0,2,18,-0.3871,98.60586664,137.4997,1.964,850.793333,-0.25337252
0,0,8,0,0,0,0,0,0,0,0,0,0,2,0,0,0,0,8,0,0,0,2,0,0,4,16,-0.4622,95.16439997,136.6664,1.985,681.1133331,-0.5959721
0,0,7,0,0,0,0,0,0,0,0,0,0,3,0,0,0,0,7,0,0,0,3,0,0,6,14,-0.5373,91.72293331,135.8331,2.006,511.4333331,-0.72994422
0,0,6,0,0,0,0,0,0,0,0,0,0,4,0,0,0,0,6,0,0,0,4,0,0,8,12,-0.6124,88.28146665,134.9998,2.027,341.7533331,-1.72363643
0,0,5,0,0,0,0,0,0,0,0,0,0,5,0,0,0,0,5,0,0,0,5,0,0,10,10,-0.6875,84.83999998,134.1665,2.048,172.0733332,-1.86361018
0,0,4,0,0,0,0,0,0,0,0,0,0,6,0,0,0,0,4,0,0,0,6,0,0,12,8,-0.7626,81.39853332,133.3332,2.069,2.39333318,-2.05719843
0,0,3,0,0,0,0,0,0,0,0,0,0,7,0,0,0,0,3,0,0,0,7,0,0,14,6,-0.8377,77.95706666,132.4999,2.09,167.2866668,-1.29853444
0,0,2,0,0,0,0,0,0,0,0,0,0,8,0,0,0,0,2,0,0,0,8,0,0,16,4,-0.9128,74.5156,131.6666,2.111,336.9666668,-1.67898426
0,0,1,0,0,0,0,0,0,0,0,0,0,9,0,0,0,0,1,0,0,0,9,0,0,18,2,-0.9879,71.07413333,130.8333,2.132,506.6466667,-2.06869828
0,0,0,0,0,9,1,0,0,0,0,0,0,0,0,0,0,0,0,9,1,0,0,0,2,0,18,-0.3902,109.0779,138.8336,2.1313,1016.121,0.08520573
0,0,0,0,0,8,2,0,0,0,0,0,0,0,0,0,0,0,0,8,2,0,0,0,4,0,16,-0.5094,101.1058,136.0002,2.1426,861.742,0.14666816
0,0,0,0,0,7,3,0,0,0,0,0,0,0,0,0,0,0,0,7,3,0,0,0,6,0,14,-0.6286,93.1337,133.1668,2.1539,707.363,0.18644599
0,0,0,0,0,6,4,0,0,0,0,0,0,0,0,0,0,0,0,6,4,0,0,0,8,0,12,-0.7478,85.1616,130.3334,2.1652,552.984,0.21197613
0,0,0,0,0,5,5,0,0,0,0,0,0,0,0,0,0,0,0,5,5,0,0,0,10,0,10,-0.867,77.1895,127.5,2.1765,398.605,0.21866431
0,0,0,0,0,4,6,0,0,0,0,0,0,0,0,0,0,0,0,4,6,0,0,0,12,0,8,-0.9862,69.2174,124.6666,2.1878,244.226,0.2068822
0,0,0,0,0,3,7,0,0,0,0,0,0,0,0,0,0,0,0,3,7,0,0,0,14,0,6,-1.1054,61.2453,121.8332,2.1991,89.847,0.17335858
0,0,0,0,0,2,8,0,0,0,0,0,0,0,0,0,0,0,0,2,8,0,0,0,16,0,4,-1.2246,53.2732,118.9998,2.2104,64.532,0.06612337
0,0,0,0,0,1,9,0,0,0,0,0,0,0,0,0,0,0,0,1,9,0,0,0,18,0,2,-1.3438,45.3011,116.1664,2.2217,218.911,0.17577269
1,0,0,0,9,0,0,0,0,0,0,0,0,0,0,0,0,0,1,9,0,0,0,0,2,18,0,-0.7049,80.003,123.6667,2.404,723.322,-4.37845518
2,0,0,0,8,0,0,0,0,0,0,0,0,0,0,0,0,0,2,8,0,0,0,0,4,16,0,-0.7398,75.37533334,122.3334,2.388,600.3373334,-3.86617516
3,0,0,0,7,0,0,0,0,0,0,0,0,0,0,0,0,0,3,7,0,0,0,0,6,14,0,-0.7747,70.74766667,121.0001,2.372,477.3526667,-3.3546776
4,0,0,0,6,0,0,0,0,0,0,0,0,0,0,0,0,0,4,6,0,0,0,0,8,12,0,-0.8096,66.12,119.6668,2.356,354.368,-2.84451594
5,0,0,0,5,0,0,0,0,0,0,0,0,0,0,0,0,0,5,5,0,0,0,0,10,10,0,-0.8445,61.49233333,118.3335,2.34,231.3833334,-2.33907781
6,0,0,0,4,0,0,0,0,0,0,0,0,0,0,0,0,0,6,4,0,0,0,0,12,8,0,-0.8794,56.86466667,117.0002,2.324,108.3986667,-1.84219484
7,0,0,0,3,0,0,0,0,0,0,0,0,0,0,0,0,0,7,3,0,0,0,0,14,6,0,-0.9143,52.237,115.6669,2.308,14.58599999,-1.3549708
8,0,0,0,2,0,0,0,0,0,0,0,0,0,0,0,0,0,8,2,0,0,0,0,16,4,0,-0.9492,47.60933333,114.3336,2.292,137.5706667,-0.88094741
9,0,0,0,1,0,0,0,0,0,0,0,0,0,0,0,0,0,9,1,0,0,0,0,18,2,0,-0.9841,42.98166667,113.0003,2.276,260.5553333,-0.40260796
0,0,9,0,0,0,0,1,0,0,0,0,0,0,0,0,0,0,9,0,1,0,0,0,0,2,18,-0.3926,98.70289997,136.833,1.97,849.8229997,0.00233067
0,0,8,0,0,0,0,2,0,0,0,0,0,0,0,0,0,0,8,0,2,0,0,0,0,4,16,-0.4732,95.35846664,135.333,1.997,679.1726664,8.22E-04
0,0,7,0,0,0,0,3,0,0,0,0,0,0,0,0,0,0,7,0,3,0,0,0,0,6,14,-0.5538,92.01403331,133.833,2.024,508.5223331,-0.01747976
0,0,6,0,0,0,0,4,0,0,0,0,0,0,0,0,0,0,6,0,4,0,0,0,0,8,12,-0.6344,88.66959998,132.333,2.051,337.8719998,-0.03675669
0,0,5,0,0,0,0,5,0,0,0,0,0,0,0,0,0,0,5,0,5,0,0,0,0,10,10,-0.715,85.32516665,130.833,2.078,167.2216665,-0.06304783
0,0,4,0,0,0,0,6,0,0,0,0,0,0,0,0,0,0,4,0,6,0,0,0,0,12,8,-0.7956,81.98073332,129.333,2.105,3.4286668,-0.09334107
0,0,3,0,0,0,0,7,0,0,0,0,0,0,0,0,0,0,3,0,7,0,0,0,0,14,6,-0.8762,78.63629999,127.833,2.132,174.0790001,-0.13169115
0,0,2,0,0,0,0,8,0,0,0,0,0,0,0,0,0,0,2,0,8,0,0,0,0,16,4,-0.9568,75.29186666,126.333,2.159,344.7293334,-0.17090035
0,0,1,0,0,0,0,9,0,0,0,0,0,0,0,0,0,0,1,0,9,0,0,0,0,18,2,-1.0374,71.94743333,124.833,2.186,515.3796667,-0.18089751
0,0,0,0,1,0,0,9,0,0,0,0,0,0,0,0,0,0,0,1,9,0,0,0,0,20,0,-1.0732,70.20576667,123.4997,2.2337,532.7963333,-0.32068577
0,0,0,0,2,0,0,8,0,0,0,0,0,0,0,0,0,0,0,2,8,0,0,0,0,20,0,-1.0284,71.80853333,123.6664,2.2544,379.5626667,-0.8592094
0,0,0,0,3,0,0,7,0,0,0,0,0,0,0,0,0,0,0,3,7,0,0,0,0,20,0,-0.9836,73.4113,123.8331,2.2751,226.329,-1.24515856
0,0,0,0,4,0,0,6,0,0,0,0,0,0,0,0,0,0,0,4,6,0,0,0,0,20,0,-0.9388,75.01406667,123.9998,2.2958,73.09533332,-1.69287001
0,0,0,0,5,0,0,5,0,0,0,0,0,0,0,0,0,0,0,5,5,0,0,0,0,20,0,-0.894,76.61683333,124.1665,2.3165,80.13833335,-2.15801686
0,0,0,0,6,0,0,4,0,0,0,0,0,0,0,0,0,0,0,6,4,0,0,0,0,20,0,-0.8492,78.2196,124.3332,2.3372,233.372,-2.63563784
0,0,0,0,7,0,0,3,0,0,0,0,0,0,0,0,0,0,0,7,3,0,0,0,0,20,0,-0.8044,79.82236667,124.4999,2.3579,386.6056667,-3.12443256
0,0,0,0,8,0,0,2,0,0,0,0,0,0,0,0,0,0,0,8,2,0,0,0,0,20,0,-0.7596,81.42513334,124.6666,2.3786,539.8393334,-3.62117627
0,0,0,0,9,0,0,1,0,0,0,0,0,0,0,0,0,0,0,9,1,0,0,0,0,20,0,-0.7148,83.0279,124.8333,2.3993,693.073,-4.14975956
0,0,0,0,0,0,0,0,0,0,1,0,0,0,0,9,0,0,0,0,0,1,0,9,18,2,0,-0.4486,48.23663333,112.667,2.36907,254.5116667,1.15266316
0,0,0,0,0,0,0,0,0,0,2,0,0,0,0,8,0,0,0,0,0,2,0,8,16,4,0,-0.4602,55.5356,113.667,2.38214,99.64666676,1.21049519
0,0,0,0,0,0,0,0,0,0,3,0,0,0,0,7,0,0,0,0,0,3,0,7,14,6,0,-0.4718,62.83456666,114.667,2.39521,55.21833321,0.9826543
0,0,0,0,0,0,0,0,0,0,4,0,0,0,0,6,0,0,0,0,0,4,0,6,12,8,0,-0.4834,70.13353332,115.667,2.40828,210.0833332,0.83561486
0,0,0,0,0,0,0,0,0,0,5,0,0,0,0,5,0,0,0,0,0,5,0,5,10,10,0,-0.495,77.43249999,116.667,2.42135,364.9483332,0.6885824
0,0,0,0,0,0,0,0,0,0,6,0,0,0,0,4,0,0,0,0,0,6,0,4,8,12,0,-0.5066,84.73146665,117.667,2.43442,519.8133331,0.53858119
0,0,0,0,0,0,0,0,0,0,7,0,0,0,0,3,0,0,0,0,0,7,0,3,6,14,0,-0.5182,92.03043331,118.667,2.44749,674.6783331,0.57475547
0,0,0,0,0,0,0,0,0,0,8,0,0,0,0,2,0,0,0,0,0,8,0,2,4,16,0,-0.5298,99.32939997,119.667,2.46056,829.5433331,0.10404914
0,0,0,0,0,0,0,0,0,0,9,0,0,0,0,1,0,0,0,0,0,9,0,1,2,18,0,-0.5414,106.6283666,120.667,2.47363,984.408333,0.28832716
5,5,0,0,0,0,0,0,0,0,0,0,0,0,0,0,0,0,10,0,0,0,0,0,10,10,0,-0.8495,53.991,116.667,2.2515,156.37,-0.02485282
6,4,0,0,0,0,0,0,0,0,0,0,0,0,0,0,0,0,10,0,0,0,0,0,12,8,0,-0.8834,50.8636,115.667,2.2532,48.388,4.18E-04
8,2,0,0,0,0,0,0,0,0,0,0,0,0,0,0,0,0,10,0,0,0,0,0,16,4,0,-0.9512,44.6088,113.667,2.2566,167.576,0.01549139
9,1,0,0,0,0,0,0,0,0,0,0,0,0,0,0,0,0,10,0,0,0,0,0,18,2,0,-0.9851,41.4814,112.667,2.2583,275.558,0.00746487
1,9,0,0,0,0,0,0,0,0,0,0,0,0,0,0,0,0,10,0,0,0,0,0,2,18,0,-0.7139,66.5006,120.667,2.2447,588.298,-0.2376668
2,8,0,0,0,0,0,0,0,0,0,0,0,0,0,0,0,0,10,0,0,0,0,0,4,16,0,-0.7478,63.3732,119.667,2.2464,480.316,-0.17001785
3,7,0,0,0,0,0,0,0,0,0,0,0,0,0,0,0,0,10,0,0,0,0,0,6,14,0,-0.7817,60.2458,118.667,2.2481,372.334,-0.11055069
4,6,0,0,0,0,0,0,0,0,0,0,0,0,0,0,0,0,10,0,0,0,0,0,8,12,0,-0.8156,57.1184,117.667,2.2498,264.352,-0.06217264
